1,'100mmM44.gif'
2,'127mmAAMG.gif'
3,'15cmsIG.gif'
4,'2.8cmsPzB41.gif'
5,'2cmFlaK38.gif'
6,'2cmFlaKZgkw-1t.png'
7,'2cmFlaKZgkw-8tfired.png'
8,'2cmFlaKZgkw-8t.png'
9,'3.7cmFlaKZgkw-5t.png'
10,'37cmFlaKZgkw-8t.png'
11,'3.7cmPaK36.gif'
12,'37mmM39.gif'
13,'45mmM37.gif'
14,'45mmM42.gif'
15,'57ATG.gif'
16,'5cmPaK38.gif'
17,'7.5cmleIG.gif'
18,'75.gif'
19,'75.png'
20,'76.2mmM27.gif'
21,'76.2mmM36.gif'
22,'76ATG.gif'
23,'85mmM39.gif'
24,'85mmM44.gif'
25,'8.8cmPaK43.gif'
26,'88.gif'
27,'88.png'
28,'AltMarker_aircraft-knockout.png'
29,'AltMarker_brewup.png'
30,'AltMarker_damaged.png'
31,'AltMarker_small-knockout.png'
32,'AltMarker_spot-fire11.png'
33,'AltMarker_spot-fire1.png'
34,'AltMarker_spot-firedot.png'
35,'AltMarker_spot-firedot-smal.png'
36,'AltMarker_spot-move2.png'
37,'AltMarker_spot-move.png'
38,'AltMarker_track.png'
39,'AltSmokeDS.png'
40,'AltSmokeOFF.png'
41,'AltSmokeON.png'
42,'arc3.png'
43,'BA10M38_hull.png'
44,'BA10M38_turret1.png'
45,'BA10M38_turret2.png'
46,'BA10M38_turret3.png'
47,'BA10M38_turret4.png'
48,'BA10M38_turret5.png'
49,'BA10M38_turret6.png'
50,'BA20MM36_hull.png'
51,'BA20MM36_turret1.png'
52,'BA20MM36_turret2.png'
53,'BA20MM36_turret3.png'
54,'BA20MM36_turret4.png'
55,'BA20MM36_turret5.png'
56,'BA20MM36_turret6.png'
57,'BA64M43_hull.png'
58,'BA64M43_turret1.png'
59,'BA64M43_turret2.png'
60,'BA64M43_turret3.png'
61,'BA64M43_turret4.png'
62,'BA64M43_turret5.png'
63,'BA64M43_turret6.png'
64,'BaseMap.jpg'
65,'bd0.jpg'
66,'bd1.jpg'
67,'bd2.jpg'
68,'bd3.jpg'
69,'bd4.jpg'
70,'bd5.jpg'
71,'bd6.jpg'
72,'bd7.jpg'
73,'bd8.jpg'
74,'bd9.jpg'
75,'blank.png'
76,'BR_75mmSP-Autocar.png'
77,'BR_AchillesIC_hull.png'
78,'BR_AchillesIC_turret1.png'
79,'BR_AchillesIC_turret2.png'
80,'BR_AchillesIC_turret3.png'
81,'BR_AchillesIC_turret4.png'
82,'BR_AchillesIC_turret5.png'
83,'BR_AchillesIC_turret6.png'
84,'BR_AEC-MKIII_hull.png'
85,'BR_AEC-MKIII_turret1.png'
86,'BR_AEC-MKIII_turret2.png'
87,'BR_AEC-MKIII_turret3.png'
88,'BR_AEC-MKIII_turret4.png'
89,'BR_AEC-MKIII_turret5.png'
90,'BR_AEC-MKIII_turret6.png'
91,'BR_AEC_turret1fired.png'
92,'BR_AEC_turret2_fired.png'
93,'BR_AEC_turret3_fired.png'
94,'BR_AEC_turret4_fired.png'
95,'BR_AEC_turret5_fired.png'
96,'BR_AEC_turret6_fired.png'
97,'BR_Archer_hull.png'
98,'BR_Challenger_hull.png'
99,'BR_Challenger_turret1.png'
100,'BR_Challenger_turret2.png'
101,'BR_Challenger_turret3.png'
102,'BR_Challenger_turret4.png'
103,'BR_Challenger_turret5.png'
104,'BR_Challenger_turret6.png'
105,'BR_ChurchillVII_hull.png'
106,'BR_ChurchillVIIICS_hull.png'
107,'BR_ChurchillVIIICS_turret1.png'
108,'BR_ChurchillVIIICS_turret2.png'
109,'BR_ChurchillVIIICS_turret3.png'
110,'BR_ChurchillVIIICS_turret4.png'
111,'BR_ChurchillVIIICS_turret5.png'
112,'BR_ChurchillVIIICS_turret6.png'
113,'BR_ChurchillVII_turret1.png'
114,'BR_ChurchillVII_turret2.png'
115,'BR_ChurchillVII_turret3.png'
116,'BR_ChurchillVII_turret4.png'
117,'BR_ChurchillVII_turret5.png'
118,'BR_ChurchillVII_turret6.png'
119,'BR_Comet_hull.png'
120,'BR_Comet_turret1.png'
121,'BR_Comet_turret2.png'
122,'BR_Comet_turret3.png'
123,'BR_Comet_turret4.png'
124,'BR_Comet_turret5.png'
125,'BR_Comet_turret6.png'
126,'BR_Command_Section.gif'
127,'BR_Crocodile_fuel_tank.png'
128,'BR_Crocodile_hull_jettisone.png'
129,'BR_Crocodile_hull.png'
130,'BR_Crocodile_turret1.png'
131,'BR_Crocodile_turret2.png'
132,'BR_Crocodile_turret3.png'
133,'BR_Crocodile_turret4.png'
134,'BR_Crocodile_turret5.png'
135,'BR_Crocodile_turret6.png'
136,'BR_CromwellIV-OP_hull.png'
137,'BR_CromwellIV-OP_turret1.png'
138,'BR_CromwellIV-OP_turret2.png'
139,'BR_CromwellIV-OP_turret3.png'
140,'BR_CromwellIV-OP_turret4.png'
141,'BR_CromwellIV-OP_turret5.png'
142,'BR_CromwellIV-OP_turret6.png'
143,'BR_CromwellVICS_hull.png'
144,'BR_CromwellVICS_turret1.png'
145,'BR_CromwellVICS_turret2.png'
146,'BR_CromwellVICS_turret3.png'
147,'BR_CromwellVICS_turret4.png'
148,'BR_CromwellVICS_turret5.png'
149,'BR_CromwellVICS_turret6.png'
150,'BR_CromwellVII_hull.png'
151,'BR_CromwellVIIICS_hull.png'
152,'BR_CromwellVIIICS_turret1.png'
153,'BR_CromwellVIIICS_turret2.png'
154,'BR_CromwellVIIICS_turret3.png'
155,'BR_CromwellVIIICS_turret4.png'
156,'BR_CromwellVIIICS_turret5.png'
157,'BR_CromwellVIIICS_turret6.png'
158,'BR_CromwellVII_turret1.png'
159,'BR_CromwellVII_turret2.png'
160,'BR_CromwellVII_turret3.png'
161,'BR_CromwellVII_turret4.png'
162,'BR_CromwellVII_turret5.png'
163,'BR_CromwellVII_turret6.png'
164,'BR_CrusaderAA_hull.png'
165,'BR_CrusaderAA_turret1.png'
166,'BR_CrusaderAA_turret2.png'
167,'BR_CrusaderAA_turret3.png'
168,'BR_CrusaderAA_turret4.png'
169,'BR_CrusaderAA_turret5.png'
170,'BR_CrusaderAA_turret6.png'
171,'BR_DaimlerMK1_hull.png'
172,'BR_DaimlerMK1_turret1_fired.png'
173,'BR_DaimlerMK1_turret1.png'
174,'BR_DaimlerMK1_turret2_fired.png'
175,'BR_DaimlerMK1_turret2.png'
176,'BR_DaimlerMK1_turret3_fired.png'
177,'BR_DaimlerMK1_turret3.png'
178,'BR_DaimlerMK1_turret4_fired.png'
179,'BR_DaimlerMK1_turret4.png'
180,'BR_DaimlerMK1_turret5_fired.png'
181,'BR_DaimlerMK1_turret5.png'
182,'BR_DaimlerMK1_turret6_fired.png'
183,'BR_DaimlerMK1_turret6.png'
184,'BR_Half_Squad.gif'
185,'BR_HawkerTyphoon.png'
186,'BR_HMG.gif'
187,'BR_Horsa.png'
188,'BR_HumberMarkIII_hull.png'
189,'BR_HumberMarkIII_turret1.png'
190,'BR_HumberMarkIII_turret2.png'
191,'BR_HumberMarkIII_turret3.png'
192,'BR_HumberMarkIII_turret4.png'
193,'BR_HumberMarkIII_turret5.png'
194,'BR_HumberMarkIII_turret6.png'
195,'BR_HumberScoutCar.png'
196,'British-75mm-SP-Autocar.gif'
197,'British-Achilles-IC.gif'
198,'British-AEC-Mk-III.gif'
199,'British-Archer.gif'
200,'British-AS51-Horsa.gif'
201,'British-Challenger.gif'
202,'British-Churchill-VII.gif'
203,'British-Churchill-VIII-CS.gif'
204,'British-Comet.gif'
205,'British-Cromwell-IV.gif'
206,'British-Cromwell-VI-CS.gif'
207,'British-Cromwell-VII.gif'
208,'British-Cromwell-VIII-CS.gif'
209,'British-Crusader-AA.gif'
210,'British-Daimler-Mk-I.gif'
211,'British-de-Havilland-Mosqui.gif'
212,'British-Hawker-Typhoon-Mk1B.gif'
213,'British-Humber-Mk-III.gif'
214,'British-Humber-Mk-IV.gif'
215,'British-Humber-Scout-Car.gif'
216,'British-Kangaroo.gif'
217,'British-Loyd-Carrier.gif'
218,'British-M5-APC.gif'
219,'British-OQF-17-pdr.gif'
220,'British-OQF-40mm-Mk-III.gif'
221,'British-OQF-6-pdr.gif'
222,'British-Sherman-IB.gif'
223,'British-Sherman-IIA.gif'
224,'British-Sherman-VC-Firefly.gif'
225,'British-Sherman-V.gif'
226,'British-Staghound-AA.gif'
227,'British-Staghound-Mk-I.gif'
228,'British-Staghound-Mk-II.gif'
229,'British-Stuart-V.gif'
230,'British-Truck.gif'
231,'British-Universal-Carrier.gif'
232,'British-Valentine-XI.gif'
233,'British-White-Scout-Car.gif'
234,'British-Wolverine.gif'
235,'BR_Kangaroo_hull.png'
236,'BR_LoydCarrier.png'
237,'BR_M5APC.png'
238,'BR_Mortar.gif'
239,'BR_Mosquito.png'
240,'BR_OQF17Pounder.gif'
241,'BR_OQF-40mm.gif'
242,'BR_OQF6PounderATG.gif'
243,'BR_ShermanIB_hull.png'
244,'BR_ShermanIB_turret1.png'
245,'BR_ShermanIB_turret2.png'
246,'BR_ShermanIB_turret3.png'
247,'BR_ShermanIB_turret4.png'
248,'BR_ShermanIB_turret5.png'
249,'BR_ShermanIB_turret6.png'
250,'BR_ShermanIIA_hull.png'
251,'BR_ShermanIIA_turret1.png'
252,'BR_ShermanIIA_turret2.png'
253,'BR_ShermanIIA_turret3.png'
254,'BR_ShermanIIA_turret4.png'
255,'BR_ShermanIIA_turret5.png'
256,'BR_ShermanIIA_turret6.png'
257,'BR_ShermanVCFirefly_hull.png'
258,'BR_ShermanVCFirefly_turret1.png'
259,'BR_ShermanVCFirefly_turret2.png'
260,'BR_ShermanVCFirefly_turret3.png'
261,'BR_ShermanVCFirefly_turret4.png'
262,'BR_ShermanVCFirefly_turret5.png'
263,'BR_ShermanVCFirefly_turret6.png'
264,'BR_ShermanV-OP_hull.png'
265,'BR_ShermanV-OP_turret1.png'
266,'BR_ShermanV-OP_turret2.png'
267,'BR_ShermanV-OP_turret3.png'
268,'BR_ShermanV-OP_turret4.png'
269,'BR_ShermanV-OP_turret5.png'
270,'BR_ShermanV-OP_turret6.png'
271,'BR_Squad.gif'
272,'BR_StaghoundAA_hull.png'
273,'BR_StaghoundAA_turret1_fire.png'
274,'BR_StaghoundAA_turret1.png'
275,'BR_StaghoundAA_turret2_fire.png'
276,'BR_StaghoundAA_turret2.png'
277,'BR_StaghoundAA_turret3_fire.png'
278,'BR_StaghoundAA_turret3.png'
279,'BR_StaghoundAA_turret4_fire.png'
280,'BR_StaghoundAA_turret4.png'
281,'BR_StaghoundAA_turret5_fire.png'
282,'BR_StaghoundAA_turret5.png'
283,'BR_StaghoundAA_turret6_fire.png'
284,'BR_StaghoundAA_turret6.png'
285,'BR_StaghoundMKI_hull.png'
286,'BR_StaghoundMKII_hull.png'
287,'BR_StaghoundMKII_turret1.png'
288,'BR_StaghoundMKII_turret2.png'
289,'BR_StaghoundMKII_turret3.png'
290,'BR_StaghoundMKII_turret4.png'
291,'BR_StaghoundMKII_turret5.png'
292,'BR_StaghoundMKII_turret6.png'
293,'BR_StaghoundMKI_turret1.png'
294,'BR_StaghoundMKI_turret2.png'
295,'BR_StaghoundMKI_turret3.png'
296,'BR_StaghoundMKI_turret4.png'
297,'BR_StaghoundMKI_turret5.png'
298,'BR_StaghoundMKI_turret6.png'
299,'BR_StuartV_hull.png'
300,'BR_StuartV_turret1.png'
301,'BR_StuartV_turret2.png'
302,'BR_StuartV_turret3.png'
303,'BR_StuartV_turret4.png'
304,'BR_StuartV_turret5.png'
305,'BR_StuartV_turret6.png'
306,'BR_trucks.png'
307,'Brummbar.png'
308,'BR_Universal_Carrier_hull.png'
309,'BR_Valentine_hull.png'
310,'BR_Valentine_turret1.png'
311,'BR_Valentine_turret2.png'
312,'BR_Valentine_turret3.png'
313,'BR_Valentine_turret4.png'
314,'BR_Valentine_turret5.png'
315,'BR_Valentine_turret6.png'
316,'BR_WhiteScoutCar.png'
317,'BR_Wolverine_hull.png'
318,'BR_Wolverine_turret1fired.png'
319,'BR_Wolverine_turret1.png'
320,'BR_Wolverine_turret2fired.png'
321,'BR_Wolverine_turret2.png'
322,'BR_Wolverine_turret3fired.png'
323,'BR_Wolverine_turret3.png'
324,'BR_Wolverine_turret4fired.png'
325,'BR_Wolverine_turret4.png'
326,'BR_Wolverine_turret5fired.png'
327,'BR_Wolverine_turret5.png'
328,'BR_Wolverine_turret6fired.png'
329,'BR_Wolverine_turret6.png'
330,'BT7AM37_hull.png'
331,'BT7AM37_turret1fired.png'
332,'BT7AM37_turret1.png'
333,'BT7AM37_turret2fired.png'
334,'BT7AM37_turret2.png'
335,'BT7AM37_turret3fired.png'
336,'BT7AM37_turret3.png'
337,'BT7AM37_turret4fired.png'
338,'BT7AM37_turret4.png'
339,'BT7AM37_turret5fired.png'
340,'BT7AM37_turret5.png'
341,'BT7AM37_turret6fired.png'
342,'BT7AM37_turret6.png'
343,'BT7M37_hull.png'
344,'BT7M37_turret1fired.png'
345,'BT7M37_turret1.png'
346,'BT7M37_turret2fired.png'
347,'BT7M37_turret2.png'
348,'BT7M37_turret3fired.png'
349,'BT7M37_turret3.png'
350,'BT7M37_turret4fired.png'
351,'BT7M37_turret4.png'
352,'BT7M37_turret5fired.png'
353,'BT7M37_turret5.png'
354,'BT7M37_turret6fired.png'
355,'BT7M37_turret6.png'
356,'BT8M38_hull.png'
357,'BT8M38_turret1.png'
358,'BT8M38_turret2.png'
359,'BT8M38_turret3.png'
360,'BT8M38_turret4.png'
361,'BT8M38_turret5.png'
362,'BT8M38_turret6.png'
363,'Button_Charts.png'
364,'Button_Commands.png'
365,'Button_DataCards.png'
366,'Button_Eliminated.png'
367,'Button_GerHidden.png'
368,'Button_Hide.png'
369,'Button_LOS.png'
370,'Button_Moved.png'
371,'Button_Notes.png'
372,'Button_Overview.png'
373,'Button_Pieces.png'
374,'Button_Remove_Commands.png'
375,'Button_Remove_SpottedMoved.png'
376,'Button_Retire.png'
377,'Button_Screenshot.png'
378,'Button_Setup_NATO.png'
379,'Button_Setup_Warsaw.png'
380,'Button_Show.png'
381,'Button_SovHidden.png'
382,'Button_Turn.png'
383,'Button_Zoom_In.png'
384,'Button_Zoom_Out.png'
385,'Button_Zoom_Select.png'
386,'Challenger_turret1fired.png'
387,'Challenger_turret2fired.png'
388,'Challenger_turret3fired.png'
389,'Challenger_turret4fired.png'
390,'Challenger_turret5fired.png'
391,'Challenger_turret6fired.png'
392,'ChurchillIII_hull.png'
393,'ChurchillIII_turret1.png'
394,'ChurchillIII_turret2.png'
395,'ChurchillIII_turret3.png'
396,'ChurchillIII_turret4.png'
397,'ChurchillIII_turret5.png'
398,'ChurchillIII_turret6.png'
399,'Clear.png'
400,'Counter-FireSpotMove-Small-.gif'
401,'d0.jpg'
402,'d100.gif'
403,'d1.jpg'
404,'d2.jpg'
405,'d3.jpg'
406,'d4.jpg'
407,'d5.jpg'
408,'d6.jpg'
409,'d7.jpg'
410,'d8.jpg'
411,'d9.jpg'
412,'DC_BR_75mmSP-Autocar.jpg'
413,'DC_BR_AchillesIC.jpg'
414,'DC_BR_AEC-MKIII.jpg'
415,'DC_BR_Archer.jpg'
416,'DC_BR_Artillery.jpg'
417,'DC_BR_Challenger.jpg'
418,'DC_BR_ChurchillVIIICS.jpg'
419,'DC_BR_ChurchillVII.jpg'
420,'DC_BR_Comet.jpg'
421,'DC_BR_Crocodile.jpg'
422,'DC_BR_CromwellIV-OP.jpg'
423,'DC_BR_CromwellVICS.jpg'
424,'DC_BR_CromwellVIIICS.jpg'
425,'DC_BR_CromwellVII.jpg'
426,'DC_BR_CrusaderAA.jpg'
427,'DC_BR_DaimlerMK1.jpg'
428,'DC_BR_HawkerTyphoon.jpg'
429,'DC_BR_HumberMKIII.jpg'
430,'DC_BR_HumberMKIV.jpg'
431,'DC_BR_HumberScoutCar.jpg'
432,'DC_BR_Kangaroo.jpg'
433,'DC_BR_LegUnits.jpg'
434,'DC_BR_LegUnitsWeapons.jpg'
435,'DC_BR_LoydCarrier.jpg'
436,'DC_BR_M5APC.jpg'
437,'DC_BR_Mosquito.jpg'
438,'DC_BR_OQF17PounderATG.jpg'
439,'DC_BR_OQF-40mmMKIIIAAG.jpg'
440,'DC_BR_OQF6PounderATG.jpg'
441,'DC_BR_ShermanIB.jpg'
442,'DC_BR_ShermanIIA.jpg'
443,'DC_BR_ShermanVCFirefly.jpg'
444,'DC_BR_ShermanV-OP.jpg'
445,'DC_BR_StaghoundAA.jpg'
446,'DC_BR_StaghoundMKII.jpg'
447,'DC_BR_StaghoundMKI.jpg'
448,'DC_BR_StuartV.jpg'
449,'DC_BR_Trucks.jpg'
450,'DC_BR_Universal_Carrier.jpg'
451,'DC_BR_ValentineXI.jpg'
452,'DC_BR_WhiteScoutCar.jpg'
453,'DC_BR_Wolverine.jpg'
454,'DC_CA75-ATG.jpg'
455,'DC_FR_AMD35.jpg'
456,'DC_FR_AMR33.jpg'
457,'DC_FR_AMR35H.jpg'
458,'DC_FR_AMR35.jpg'
459,'DC_FR_Artillery.jpg'
460,'DC_FR_Bloch.jpg'
461,'DC_FR_Breguet.jpg'
462,'DC_FR_CA25-AAG.jpg'
463,'DC_FR_CharB1-bis.jpg'
464,'DC_FR_H35.jpg'
465,'DC_FR_H38.jpg'
466,'DC_FR_H39.jpg'
467,'DC_FR_Leg-Units.jpg'
468,'DC_FR_Limber.jpg'
469,'DC_FR_Lorraine.jpg'
470,'DC_FR_R35.jpg'
471,'DC_FR_R40.jpg'
472,'DC_FR_S35.jpg'
473,'DC_FR_SA37-ATG.jpg'
474,'DC_FR_SA-L-34-ATG.jpg'
475,'DC_FR_Truck-AA.jpg'
476,'DC_FR_Trucks.jpg'
477,'DC_FR_UE.jpg'
478,'DC_FR_Unic-P107.jpg'
479,'DC_FR_Weapons.jpg'
480,'DC_GE_15cm sIG.jpg'
481,'DC_GE_2.8cm sPzB 41.jpg'
482,'DC_GE_2cm FlaK 38.jpg'
483,'DC_GE_2cm FlaK Zgkw 1t.jpg'
484,'DC_GE_3.7cm FlaK Zgkw 5t.jpg'
485,'DC_GE_3.7cm PaK 36.jpg'
486,'DC_GE_5cm PaK 38.jpg'
487,'DC_GE_7.5cm leIG.jpg'
488,'DC_GE_8.8cm PaK 43.jpg'
489,'DC_GE_88.jpg'
490,'DC_GE_Aircraft.jpg'
491,'DC_GE_Artillery.jpg'
492,'DC_GE_ATG.jpg'
493,'DC_GE_Brummbar.jpg'
494,'DC_GE_Elefant.jpg'
495,'DC_GE_Flammpanzer38t.jpg'
496,'DC_GE_Fw190.jpg'
497,'DC_GEG-35A PzIB.jpg'
498,'DC_GEG-35B PzIIC.jpg'
499,'DC_GEG-36A Pz35t.jpg'
500,'DC_GEG-36B Pz38tC.jpg'
501,'DC_GEG-37A PSW II Luchs.jpg'
502,'DC_GEG-37B PzKpfw 38(t) Aufklärer.jpg'
503,'DC_GEG-38A PzIIIF.jpg'
504,'DC_GEG-38B PzIIIJ.jpg'
505,'DC_GEG-39A PzIVD.jpg'
506,'DC_GEG-39B Grille 33-1.jpg'
507,'DC_GEG-40A SPW251-22.jpg'
508,'DC_GEG-40B SPW250-11.jpg'
509,'DC_GEG-41A PSW 234-1.jpg'
510,'DC_GEG-41B PSW 234-2 Puma.jpg'
511,'DC_GEG-42A PSW 234-3.jpg'
512,'DC_GEG-42B PSW 234-4.jpg'
513,'DC_GEG-43A Ostwind.jpg'
514,'DC_GEG-43B 2cm Flakvierling Zgkw 8t.jpg'
515,'DC_GEG-44A 3.7cm FlaK Zgkw 8t.jpg'
516,'DC_GEG-44B Flakpanzer 38t.jpg'
517,'DC_GE_Grille 33.jpg'
518,'DC_GE_HeavyWeapons.jpg'
519,'DC_GE_Hetzer.jpg'
520,'DC_GE_Hs123A-1.jpg'
521,'DC_GE_Hs129.jpg'
522,'DC_GE_Jagdpanther.jpg'
523,'DC_GE_Jagdpanzer IV70.jpg'
524,'DC_GE_Jagdpanzer IV.jpg'
525,'DC_GE_Jagdtiger.jpg'
526,'DC_GE_Ju87B-1.jpg'
527,'DC_GE_Ju87B1.jpg'
528,'DC_GE_Ju87G1.jpg'
529,'DC_GE_LegUnits.jpg'
530,'DC_GE_Limbers.jpg'
531,'DC_GE_Marder III.jpg'
532,'DC_GE_Marder III PaK36.jpg'
533,'DC_GE_Marder.jpg'
534,'DC_GE_Möbelwagon.jpg'
535,'DC_GE_Nashorn.jpg'
536,'DC_GE_Panzerjager I.jpg'
537,'DC_GE_Prime-Movers.jpg'
538,'DC_GE_PSW 221.jpg'
539,'DC_GE_PSW 221 sPzB.jpg'
540,'DC_GE_PSW 222.jpg'
541,'DC_GE_PSW 231.jpg'
542,'DC_GE_PSW 233.jpg'
543,'DC_GE_Pz38tE-F.jpg'
544,'DC_GE_PzIIF.jpg'
545,'DC_GE_PzIIIFl.jpg'
546,'DC_GE_PzIIIG.jpg'
547,'DC_GE_PzIII.jpg'
548,'DC_GE_PzIIIN.jpg'
549,'DC_GE_PzIVE.jpg'
550,'DC_GE_PzIVF1.jpg'
551,'DC_GE_PzIVF2.jpg'
552,'DC_GE_PzIVG.jpg'
553,'DC_GE_PzIVHalt.jpg'
554,'DC_GE_PzIVH.jpg'
555,'DC_GE_PzIVJalt.jpg'
556,'DC_GE_PzIVJ.jpg'
557,'DC_GE_PzVIB.jpg'
558,'DC_GE_PzVIE.jpg'
559,'DC_GE_PzV.jpg'
560,'DC_GE_SPW250-10.jpg'
561,'DC_GE_SPW250-1.jpg'
562,'DC_GE_SPW250-7.jpg'
563,'DC_GE_SPW250-8.jpg'
564,'DC_GE_SPW250-9.jpg'
565,'DC_GE_SPW251-10.jpg'
566,'DC_GE_SPW251-17.jpg'
567,'DC_GE_SPW251-1.jpg'
568,'DC_GE_SPW251-2.jpg'
569,'DC_GE_SPW251-9.jpg'
570,'DC_GE_Stug-IIIA.jpg'
571,'DC_GE_STuG IIIB.jpg'
572,'DC_GE_STuG IIIF.jpg'
573,'DC_GE_StugIII.jpg'
574,'DC_GE_STuG IV.jpg'
575,'DC_GE_STuH 42.jpg'
576,'DC_GE_Trucks.jpg'
577,'DC_GE_Wirbelwind.jpg'
578,'DC_RU_100mm M44.jpg'
579,'DC_RU_37mm M39.jpg'
580,'DC_RU_45mm M37.jpg'
581,'DC_RU_45mm M42.jpg'
582,'DC_RU_57-ATG.jpg'
583,'DC_RU_76.2mm M27.jpg'
584,'DC_RU_76.2mm M36.jpg'
585,'DC_RU_76-ATG.jpg'
586,'DC_RU_85mm M39.jpg'
587,'DC_RU_85mm M44.jpg'
588,'DC_RU_Aircraft.jpg'
589,'DC_RU_Artillery.jpg'
590,'DC_RU_BA-64 M43.jpg'
591,'DC_RU_HeavyWeapons.jpg'
592,'DC_RU_IL2.jpg'
593,'DC_RU_IS2.jpg'
594,'DC_RU_ IS-3 M45.jpg'
595,'DC_RU_ISU-122 M44.jpg'
596,'DC_RU_ISU-152 M44.jpg'
597,'DC_RU_KV-1 M42.jpg'
598,'DC_RU_KV1s.jpg'
599,'DC_RU_KV-2 M41.jpg'
600,'DC_RU_KV-85 M43.jpg'
601,'DC_RU_LegUnits.jpg'
602,'DC_RU_M17 MGMC.jpg'
603,'DC_RU_M2 APC.jpg'
604,'DC_RU_M3A1 Scout Car.jpg'
605,'DC_RU_OT-34 M42.jpg'
606,'DC_RU_OT-34-M42.jpg'
607,'DC_RU_Pe2.jpg'
608,'DC_RUS-21A T-38 M37.jpg'
609,'DC_RUS-21B T-40 M40.jpg'
610,'DC_RUS-22A T-60 M41.jpg'
611,'DC_RUS-22B BT-7 M37.jpg'
612,'DC_RUS-23A BT-7A M37.jpg'
613,'DC_RUS-23B BT-8 M38.jpg'
614,'DC_RUS-24A T-26S M37.jpg'
615,'DC_RUS-24B T-28 M34.jpg'
616,'DC_RUS-25A T28E M38.jpg'
617,'DC_RUS-25B T3476 M40.jpg'
618,'DC_RUS-26A T-35 M35.jpg'
619,'DC_RUS-26B KV-1 M40.jpg'
620,'DC_RUS-27A KV-1 M41.jpg'
621,'DC_RUS-27B SU-57 M43.jpg'
622,'DC_RUS-28A SU-76i M43.jpg'
623,'DC_RUS-28B BA-20M M36.jpg'
624,'DC_RUS-29A BA-10 M38.jpg'
625,'DC_RUS-29B Komsomolyets.jpg'
626,'DC_RUS-30A GAZ-AA.jpg'
627,'DC_RUS-30B 12.7mm AAMG.jpg'
628,'DC_RUS-31A Valentine II.jpg'
629,'DC_RUS-31B Matilda II.jpg'
630,'DC_RUS-32A Churchill III.jpg'
631,'DC_RUS-32A-Churchill-III.jpg'
632,'DC_RUS-32B Valentine VIII.jpg'
633,'DC_RUS-33A Stuart III.jpg'
634,'DC_RUS-33B M3 Lee.jpg'
635,'DC_RUS-34A Sherman III (75).jpg'
636,'DC_RUS-34B Sherman III (76).jpg'
637,'DC_RU_SU100.jpg'
638,'DC_RU_SU-122 M43.jpg'
639,'DC_RU_SU152.jpg'
640,'DC_RU_Su2.jpg'
641,'DC_RU_SU76.jpg'
642,'DC_RU_SU85.jpg'
643,'DC_RU_T34-76.jpg'
644,'DC_RU_T3476 M41.jpg'
645,'DC_RU_T3476 M42.jpg'
646,'DC_RU_T34-85.jpg'
647,'DC_RU_T-60 M42.jpg'
648,'DC_RU_T70.jpg'
649,'DC_RU_Trucks.jpg'
650,'DC_RU_YaK9.jpg'
651,'DC_US_12-7mmAA.jpg'
652,'DC_US_37mmM1A1.jpg'
653,'DC_US_37mmM3A1_ATG.jpg'
654,'DC_US_57mmM1ATG.jpg'
655,'DC_US_Artillery.jpg'
656,'DC_US_Jeep.jpg'
657,'DC_US_LegUnits.jpg'
658,'DC_US_LegUnitsWeapons.jpg'
659,'DC_US_M10GMC.jpg'
660,'DC_US_M16MGMC.jpg'
661,'DC_US_M18GMC.jpg'
662,'DC_US_M20.jpg'
663,'DC_US_M21MMC.jpg'
664,'DC_US_M24.jpg'
665,'DC_US_M26.jpg'
666,'DC_US_M36GMC.jpg'
667,'DC_US_M3A1.jpg'
668,'DC_US_M3GMC.jpg'
669,'DC_US_M4A176.jpg'
670,'DC_US_M4A176W.jpg'
671,'DC_US_M4A1.jpg'
672,'DC_US_M4A1MMC.jpg'
673,'DC_US_M4A3105HMC.jpg'
674,'DC_US_M4A375.jpg'
675,'DC_US_M4A376W.jpg'
676,'DC_US_M4A3E275W.jpg'
677,'DC_US_M4A3E276W.jpg'
678,'DC_US_M4A3E8.jpg'
679,'DC_US_M55AAMG.jpg'
680,'DC_US_M5A1.jpg'
681,'DC_US_M5ATG.jpg'
682,'DC_US_M8Greyhound.jpg'
683,'DC_US_M8HMC.jpg'
684,'DC_US_P38L.jpg'
685,'DC_US_P47D.jpg'
686,'DC_US_Trucks.jpg'
687,'DeadPool.gif'
688,'die_0.png'
689,'die_1.png'
690,'die_2.png'
691,'die_3.png'
692,'die_4.png'
693,'die_5.png'
694,'die_6.png'
695,'die_7.png'
696,'die_8.png'
697,'die_9.png'
698,'Elefant.png'
699,'Flakpanzer38t.png'
700,'Flammpanzer38t.png'
701,'FR_AMD35_hull.png'
702,'FR_AMD35_turret1fired.png'
703,'FR_AMD35_turret1.png'
704,'FR_AMD35_turret2fired.png'
705,'FR_AMD35_turret2.png'
706,'FR_AMD35_turret3fired.png'
707,'FR_AMD35_turret3.png'
708,'FR_AMD35_turret4fired.png'
709,'FR_AMD35_turret4.png'
710,'FR_AMD35_turret5fired.png'
711,'FR_AMD35_turret5.png'
712,'FR_AMD35_turret6fired.png'
713,'FR_AMD35_turret6.png'
714,'FR_AMR33_hull.png'
715,'FR_AMR33_turret1fired.png'
716,'FR_AMR33_turret1.png'
717,'FR_AMR33_turret2fired.png'
718,'FR_AMR33_turret2.png'
719,'FR_AMR33_turret3fired.png'
720,'FR_AMR33_turret3.png'
721,'FR_AMR33_turret4fired.png'
722,'FR_AMR33_turret4.png'
723,'FR_AMR33_turret5fired.png'
724,'FR_AMR33_turret5.png'
725,'FR_AMR33_turret6fired.png'
726,'FR_AMR33_turret6.png'
727,'FR_AMR35H_hull.png'
728,'FR_AMR35H_turret1.png'
729,'FR_AMR35H_turret2.png'
730,'FR_AMR35H_turret3.png'
731,'FR_AMR35H_turret4.png'
732,'FR_AMR35H_turret5.png'
733,'FR_AMR35H_turret6.png'
734,'FR_AMR35_hull.png'
735,'FR_AMR35_turret1fired.png'
736,'FR_AMR35_turret1.png'
737,'FR_AMR35_turret2fired.png'
738,'FR_AMR35_turret2.png'
739,'FR_AMR35_turret3fired.png'
740,'FR_AMR35_turret3.png'
741,'FR_AMR35_turret4fired.png'
742,'FR_AMR35_turret4.png'
743,'FR_AMR35_turret5fired.png'
744,'FR_AMR35_turret5.png'
745,'FR_AMR35_turret6fired.png'
746,'FR_AMR35_turret6.png'
747,'FR_Bloch.png'
748,'FR_Breguet.png'
749,'FR_CA25-AAG.gif'
750,'FR_CA75-ATG.gif'
751,'FR_CharB1-bis_hull.png'
752,'FR_CharB1bis_turret1fired.png'
753,'FR_CharB1-bis_turret1.png'
754,'FR_CharB1bis_turret2fired.png'
755,'FR_CharB1-bis_turret2.png'
756,'FR_CharB1bis_turret3fired.png'
757,'FR_CharB1-bis_turret3.png'
758,'FR_CharB1bis_turret4fired.png'
759,'FR_CharB1-bis_turret4.png'
760,'FR_CharB1bis_turret5fired.png'
761,'FR_CharB1-bis_turret5.png'
762,'FR_CharB1bis_turret6fired.png'
763,'FR_CharB1-bis_turret6.png'
764,'Free_2fired_small.png'
765,'Free_fired_medium.png'
766,'Free_fired.png'
767,'Free_fired_small.png'
768,'French-AMD-35.gif'
769,'French-AMR-33.gif'
770,'French-AMR-35.gif'
771,'French-AMR-35H.gif'
772,'French-Bre693.gif'
773,'French-CA23-SA-L-34.gif'
774,'French-CA25-CA-38.gif'
775,'French-CA47-SA-37.gif'
776,'French-CA75-97-35.gif'
777,'French-Char-B1-bis.gif'
778,'French-H-35.gif'
779,'French-H-38.gif'
780,'French-H-39.gif'
781,'French-Leg-Command-ATG-Sect.gif'
782,'French-Leg-Half-Squad.gif'
783,'French-Leg-HMG-section.gif'
784,'French-Leg-Mortar-section.gif'
785,'French-Leg-Squad.gif'
786,'French-Limber.gif'
787,'French-Lorraine-38L.gif'
788,'French-MB174A3.gif'
789,'French-R-35.gif'
790,'French-R-40.gif'
791,'French-S-35.gif'
792,'French-Truck-AA-13.2.gif'
793,'French-Truck.gif'
794,'French-UE.gif'
795,'French-Unic-P107.gif'
796,'FR_free_turret1fired.png'
797,'FR_free_turret4fired.png'
798,'FR_H35_hull.png'
799,'FR_H35_turret1fired.png'
800,'FR_H35_turret1.png'
801,'FR_H35_turret2fired.png'
802,'FR_H35_turret2.png'
803,'FR_H35_turret3fired.png'
804,'FR_H35_turret3.png'
805,'FR_H35_turret4fired.png'
806,'FR_H35_turret4.png'
807,'FR_H35_turret5fired.png'
808,'FR_H35_turret5.png'
809,'FR_H35_turret6fired.png'
810,'FR_H35_turret6.png'
811,'FR_H38_hull.png'
812,'FR_H38_turret1.png'
813,'FR_H38_turret2.png'
814,'FR_H38_turret3.png'
815,'FR_H38_turret4.png'
816,'FR_H38_turret5.png'
817,'FR_H38_turret6.png'
818,'FR_H39_hull.png'
819,'FR_H39_turret1.png'
820,'FR_H39_turret2.png'
821,'FR_H39_turret3.png'
822,'FR_H39_turret4.png'
823,'FR_H39_turret5.png'
824,'FR_H39_turret6.png'
825,'FR_Limber.png'
826,'FR_Lorraine.png'
827,'FrontFiringArc.png'
828,'FR_R35_hull001.png'
829,'FR_R35_turret1001.png'
830,'FR_R35_turret2001.png'
831,'FR_R35_turret3001.png'
832,'FR_R35_turret4001.png'
833,'FR_R35_turret5001.png'
834,'FR_R35_turret6001.png'
835,'FR_R40_hull001.png'
836,'FR_R40_turret1001.png'
837,'FR_R40_turret1fired.png'
838,'FR_R40_turret2001.png'
839,'FR_R40_turret2fired.png'
840,'FR_R40_turret3001.png'
841,'FR_R40_turret3fired.png'
842,'FR_R40_turret4001.png'
843,'FR_R40_turret4fired.png'
844,'FR_R40_turret5001.png'
845,'FR_R40_turret5fired.png'
846,'FR_R40_turret6001.png'
847,'FR_R40_turret6fired.png'
848,'FR_S35_hull.png'
849,'FR_S35_turret1fired.png'
850,'FR_S35_turret1.png'
851,'FR_S35_turret2fired.png'
852,'FR_S35_turret2.png'
853,'FR_S35_turret3fired.png'
854,'FR_S35_turret3.png'
855,'FR_S35_turret4fired.png'
856,'FR_S35_turret4.png'
857,'FR_S35_turret5fired.png'
858,'FR_S35_turret5.png'
859,'FR_S35_turret6fired.png'
860,'FR_S35_turret6.png'
861,'FR_SA37_ATG.gif'
862,'FR_SA-L-34_ATG.gif'
863,'FR_Truck-AA.png'
864,'FR_Truck.png'
865,'FR_UE.png'
866,'FR_Unic-P107.png'
867,'FW190.gif'
868,'FW190.png'
869,'GAZAA.png'
870,'GC_A.jpg'
871,'GC_B.jpg'
872,'GC_C.jpg'
873,'GC_D.jpg'
874,'GE_75.gif'
875,'GE_88.gif'
876,'GE_CommandSection.gif'
877,'GE_CommandSection_St.gif'
878,'GE_HalfSquad.gif'
879,'GE_HalfSquad_St.gif'
880,'GE_HMG.gif'
881,'GE_HMG_St.gif'
882,'GE_Hs123A-1.png'
883,'GE_Ju87B-1.png'
884,'GE_Mortar.gif'
885,'GE_Mortar_St.gif'
886,'GE_PrimeMover.png'
887,'German-150mm-sIG.gif'
888,'German-20mm-FlaK-38.gif'
889,'German-28mm-sPzB-41.gif'
890,'German 2cm Flakvierling Zgkw 8t.gif'
891,'German-2cm-FlaK-Zgkw-1t.gif'
892,'German-37mm-FlaK-Zgkw-5t.gif'
893,'German 37mm FlaK Zgkw 8t.gif'
894,'German-37mm-PaK-36.gif'
895,'German-50mm-PaK-38.gif'
896,'German-75mm-leIG.gif'
897,'German-88mm-PaK-43.gif'
898,'German-Brummbar.gif'
899,'German-Elefant.gif'
900,'German Flakpanzer 38(t).gif'
901,'German Grille 33-1.gif'
902,'German-Grille-33.gif'
903,'German-Hetzer.gif'
904,'German-Hs-123A-1.gif'
905,'German-Jagdpanther.gif'
906,'German-Jagdpanzer-IV70.gif'
907,'German-Jagdpanzer-IV.gif'
908,'German-Jagdtiger.gif'
909,'German-Ju-87B-1-alt.gif'
910,'German-Ju-87B-1.gif'
911,'German-Ju-87G-1.gif'
912,'German-Limber.gif'
913,'German-Marder-III.gif'
914,'German-Marder-III-PaK36r.gif'
915,'German-Mobelwagen.gif'
916,'German-Nashorn.gif'
917,'German Ostwind.gif'
918,'German-Panzerjager-I.gif'
919,'German-PSW-221.gif'
920,'German-PSW-221-sPzB.gif'
921,'German-PSW-222.gif'
922,'German-PSW-231.gif'
923,'German-PSW-233.gif'
924,'German PSW 234-1.gif'
925,'German PSW 234-2 Puma.gif'
926,'German PSW 234-3.gif'
927,'German PSW 234-4.gif'
928,'German PSW II Luchs.gif'
929,'German PzKpfw 35t.gif'
930,'German PzKpfw 38t Aufklärer.gif'
931,'German PzKpfw 38tC.gif'
932,'German-PzKpfw-38tE-F.gif'
933,'German PzKpfw IB.gif'
934,'German PzKpfw IIC.gif'
935,'German-PzKpfw-IIF.gif'
936,'German PzKpfw IIIF.gif'
937,'German-PzKpfw-IIIG.gif'
938,'German PzKpfw IIIJ.gif'
939,'German-PzKpfw-IIIN.gif'
940,'German PzKpfw IVD.gif'
941,'German-PzKpfw-IVE.gif'
942,'German-PzKpfw-IVF1.gif'
943,'German-PzKpfw-IVF2.gif'
944,'German-PzKpfw-IVJ.gif'
945,'German-SPW-250-10.gif'
946,'German SPW 250-11.gif'
947,'German-SPW-250-1.gif'
948,'German-SPW-250-7.gif'
949,'German-SPW-250-8.gif'
950,'German-SPW-250-9.gif'
951,'German-SPW-251-10.gif'
952,'German-SPW-251-17.gif'
953,'German SPW 251-22.gif'
954,'German-SPW-251-2.gif'
955,'German-SPW-251-9.gif'
956,'German-STuG-IIIA.gif'
957,'German-STuG-IIIB.gif'
958,'German-STuG-IIIF.gif'
959,'German-STuG-IV.gif'
960,'German-STuH-42.gif'
961,'German-Wirbelwind.gif'
962,'GE_Squad.gif'
963,'GE_Squad_St.gif'
964,'GE_Stug-IIIA.png'
965,'GE_Truck.gif'
966,'GE_Truck.png'
967,'Grille33-1.png'
968,'Grille33.png'
969,'Hetzer.png'
970,'HiddenUnits.jpg'
971,'HS129.gif'
972,'HS129.png'
973,'IL2.gif'
974,'IL2.png'
975,'IS-2.gif'
976,'IS2_hull.png'
977,'IS2_turret1fired.png'
978,'IS2_turret1.png'
979,'IS2_turret2fired.png'
980,'IS2_turret2.png'
981,'IS2_turret3fired.png'
982,'IS2_turret3.png'
983,'IS2_turret4fired.png'
984,'IS2_turret4.png'
985,'IS2_turret5fired.png'
986,'IS2_turret5.png'
987,'IS2_turret6fired.png'
988,'IS2_turret6.png'
989,'IS3M45_hull.png'
990,'IS3M45_turret1.png'
991,'IS3M45_turret2.png'
992,'IS3M45_turret3.png'
993,'IS3M45_turret4.png'
994,'IS3M45_turret5.png'
995,'IS3M45_turret6.png'
996,'ISU122M44.png'
997,'ISU152M44.png'
998,'Jagdpanther.png'
999,'JagdpanzerIV70.png'
1000,'JagdpanzerIV.png'
1001,'Jagdtiger.png'
1002,'JU87-B1.png'
1003,'JU87-G1.png'
1004,'Komsomolyets.png'
1005,'KV1_hull.png'
1006,'KV1M40_hull.png'
1007,'KV1M40_turret1fired.png'
1008,'KV1M40_turret1.png'
1009,'KV1M40_turret2fired.png'
1010,'KV1M40_turret2.png'
1011,'KV1M40_turret3fired.png'
1012,'KV1M40_turret3.png'
1013,'KV1M40_turret4fired.png'
1014,'KV1M40_turret4.png'
1015,'KV1M40_turret5fired.png'
1016,'KV1M40_turret5.png'
1017,'KV1M40_turret6fired.png'
1018,'KV1M40_turret6.png'
1019,'KV1M41_hull.png'
1020,'KV1M41_turret1.png'
1021,'KV1M41_turret2.png'
1022,'KV1M41_turret3.png'
1023,'KV1M41_turret4.png'
1024,'KV1M41_turret5.png'
1025,'KV1M41_turret6.png'
1026,'KV1M42_hull.png'
1027,'KV1M42_turret1.png'
1028,'KV1M42_turret2.png'
1029,'KV1M42_turret3.png'
1030,'KV1M42_turret4.png'
1031,'KV1M42_turret5.png'
1032,'KV1M42_turret6.png'
1033,'KV1S.gif'
1034,'KV1_turret1fired.png'
1035,'KV1_turret1.png'
1036,'KV1_turret2fired.png'
1037,'KV1_turret2.png'
1038,'KV1_turret3fired.png'
1039,'KV1_turret3.png'
1040,'KV1_turret4fired.png'
1041,'KV1_turret4.png'
1042,'KV1_turret5fired.png'
1043,'KV1_turret5.png'
1044,'KV1_turret6fired.png'
1045,'KV1_turret6.png'
1046,'KV2M41_hull.png'
1047,'KV2M41_turret1.png'
1048,'KV2M41_turret2.png'
1049,'KV2M41_turret3.png'
1050,'KV2M41_turret4.png'
1051,'KV2M41_turret5.png'
1052,'KV2M41_turret6.png'
1053,'KV85M43_hull.png'
1054,'KV85M43_turret1.png'
1055,'KV85M43_turret2.png'
1056,'KV85M43_turret3.png'
1057,'KV85M43_turret4.png'
1058,'KV85M43_turret5.png'
1059,'KV85M43_turret6.png'
1060,'Label_0L0.gif'
1061,'Label_100mmM44.gif'
1062,'Label_10W_15-22.gif'
1063,'Label_12-7mmAAMG.gif'
1064,'Label_15cmsIG.gif'
1065,'Label_1L0.gif'
1066,'Label_28cmsPzB41.gif'
1067,'Label_2cmFlak38.gif'
1068,'Label_2cmFlak8t.gif'
1069,'Label_2cmFlak.gif'
1070,'Label_2T_3-5_-10.gif'
1071,'Label_2T_3-5_-15.gif'
1072,'Label_2T_3-5.gif'
1073,'Label_2T_3-6_-15.gif'
1074,'Label_2T_4-6_-10.gif'
1075,'Label_2T_4-6_-15.gif'
1076,'Label_2T_4-6.gif'
1077,'Label_2T_4-7_-10.gif'
1078,'Label_2T_4-7_-15.gif'
1079,'Label_37cmFlak8t.gif'
1080,'Label_37cmFlak.gif'
1081,'Label_37cmPaK36.gif'
1082,'Label_37mmM39.gif'
1083,'Label_3H_5-8_-5.gif'
1084,'Label_3inM5ATG.gif'
1085,'Label_3T_4-6.gif'
1086,'Label_3T_4-7_-5.gif'
1087,'Label_3T_5-7_-15.gif'
1088,'Label_3T_5-8_-10.gif'
1089,'Label_3T_5-8_-5.gif'
1090,'Label_3T_5-8.gif'
1091,'Label_3T_5-9_-10.gif'
1092,'Label_3T_6-9_-10.gif'
1093,'Label_3Tu_4-7_-5.gif'
1094,'Label_3Tu_5-8_-10.gif'
1095,'Label_3Tu_5-8_-5.gif'
1096,'Label_3W_5-8_-10.gif'
1097,'Label_45mmM37.gif'
1098,'Label_45mmM42.gif'
1099,'Label_4H_6-10_-10.gif'
1100,'Label_4H_8-11_-10.gif'
1101,'Label_4H_9-12_-10.gif'
1102,'Label_4H_9-13_-10.gif'
1103,'Label_4T_5-8.gif'
1104,'Label_4T_6-10.gif'
1105,'Label_4T_6-9_-5.gif'
1106,'Label_4T_6-9.gif'
1107,'Label_4TA_6-10_-5.gif'
1108,'Label_4TA_6-10.gif'
1109,'Label_4TA_6-9.gif'
1110,'Label_4Tu_6-10_-5.gif'
1111,'Label_4Tu_6-9_-5.gif'
1112,'Label_4Tu_6-9.gif'
1113,'Label_4Tu_7-11_-5.gif'
1114,'Label_4W_8-12_-10.gif'
1115,'Label_4W_8-12_-15.gif'
1116,'Label_4WR_9-12_-15.gif'
1117,'Label_57mmATG.gif'
1118,'Label_57mmM1ATG.gif'
1119,'Label_5cmPaK38.gif'
1120,'Label_5H_9-12_-5.gif'
1121,'Label_5T_6-10.gif'
1122,'Label_5T_6-9_+15.gif'
1123,'Label_5T_7-11_-5.gif'
1124,'Label_5T_7-11.gif'
1125,'Label_5T_7-12.gif'
1126,'Label_5T_8-12_-5.gif'
1127,'Label_5T_8-12.gif'
1128,'Label_5T_8-13_-5.gif'
1129,'Label_5Tu_6-10.gif'
1130,'Label_5Tu_7-11.gif'
1131,'Label_5Tu_8-13_-5.gif'
1132,'Label_6H_10-13_-5.gif'
1133,'Label_6H_10-13.gif'
1134,'Label_6H_11-14_-5.gif'
1135,'Label_6H_12-16_-5.gif'
1136,'Label_6T_8-12.gif'
1137,'Label_6T_8-13.gif'
1138,'Label_6T_9-11_+10.gif'
1139,'Label_6T_9-14.gif'
1140,'Label_6W_8-12_-10.gif'
1141,'Label_6WR_12-16_-10.gif'
1142,'Label_6WR_13-18_-10.gif'
1143,'Label_75cmleIG.gif'
1144,'Label_75PaK40.gif'
1145,'Label_76-2mmATG.gif'
1146,'Label_76-2mmM27.gif'
1147,'Label_7H_12-16.gif'
1148,'Label_7T_10-12_+15.gif'
1149,'Label_7T_10-12.gif'
1150,'Label_7W_12-18_-5.gif'
1151,'Label_7W_13-19_-10.gif'
1152,'Label_7W_17-23_-15.gif'
1153,'Label_7WR_15-20_-10.gif'
1154,'Label_85mmM39.gif'
1155,'Label_85mmM44.gif'
1156,'Label_88cmPaK43.gif'
1157,'Label_88Flak.gif'
1158,'Label_8W_13-19_-5.gif'
1159,'Label_8W_15-20_-5.gif'
1160,'Label_8WR_12-18.gif'
1161,'Label_9Tu_12-20.gif'
1162,'Label_9W_15-20.gif'
1163,'Label_9WR_13-19.gif'
1164,'Label_AircraftFast.gif'
1165,'Label_AircraftHigh.gif'
1166,'Label_AircraftLow.gif'
1167,'Label_AircraftMedium.gif'
1168,'Label_AircraftSlow.gif'
1169,'Label_BA10M38.gif'
1170,'Label_BA20MM36.gif'
1171,'Label_BA64BM43.gif'
1172,'Label_BR_75mmSP.gif'
1173,'Label_BR_AchillesIC.gif'
1174,'Label_BR_AEC-MKIII.gif'
1175,'Label_BR_Archer.gif'
1176,'Label_BR_AS51.gif'
1177,'Label_BR_Challenger.gif'
1178,'Label_BR_ChurchillVII.gif'
1179,'Label_BR_ChurchillVIIICS.gif'
1180,'Label_BR_Comet.gif'
1181,'Label_BR_Crocodile.gif'
1182,'Label_BR_CromwellVII.gif'
1183,'Label_BR_CromwellVIII.gif'
1184,'Label_BR_CrusaderAA.gif'
1185,'Label_BR_DaimlerMkI.gif'
1186,'Label_BR_Humber_MkIII.gif'
1187,'Label_BR_Humber_MkIV.gif'
1188,'Label_BR_Kangaroo.gif'
1189,'Label_BR_Mosquito.gif'
1190,'Label_BR_OQF17pounder.gif'
1191,'Label_BR_OQF40mm.gif'
1192,'Label_BR_ShermanIB.gif'
1193,'Label_BR_ShermanIIA.gif'
1194,'Label_BR_Staghound.gif'
1195,'Label_BR_StaghoundMkI.gif'
1196,'Label_BR_StaghoundMkII.gif'
1197,'Label_BR_Typhoon.gif'
1198,'Label_Brummbar.gif'
1199,'Label_BR_UniversalCarrier.gif'
1200,'Label_BR_ValentineXI.gif'
1201,'Label_BR_WhiteScoutCar.gif'
1202,'Label_BR_Wolverine.gif'
1203,'Label_BT7AM37.gif'
1204,'Label_BT7M37.gif'
1205,'Label_BT8M38.gif'
1206,'Label_ChurchillIII.gif'
1207,'Label_CromwellIVOP.gif'
1208,'Label_CromwellVICS.gif'
1209,'Label_Elefant.gif'
1210,'Label_Flak38t.gif'
1211,'Label_FR_AMD35.gif'
1212,'Label_FR_AMR33.gif'
1213,'Label_FR_AMR35.gif'
1214,'Label_FR_AMR35H.gif'
1215,'Label_FR_Bloch.gif'
1216,'Label_FR_Breguet.gif'
1217,'Label_FR_CA25-AAG.gif'
1218,'Label_FR_CA25-ATG.gif'
1219,'Label_FR_CA25.gif'
1220,'Label_FR_CA47.gif'
1221,'Label_FR_CA75.gif'
1222,'Label_FR_CharB1-bis.gif'
1223,'Label_FR_H35.gif'
1224,'Label_FR_H38.gif'
1225,'Label_FR_H39.gif'
1226,'Label_FR_Limbers.gif'
1227,'Label_FR_Lorraine.gif'
1228,'Label_FR_R35.gif'
1229,'Label_FR_R40.gif'
1230,'Label_FR_S35.gif'
1231,'Label_FR_TruckAA.gif'
1232,'Label_FR_Truck.gif'
1233,'Label_FR_UE.gif'
1234,'Label_FR_Unic_P107.gif'
1235,'Label_Fw190F-1.gif'
1236,'Label_GAZ-AA.gif'
1237,'Label_GE_Flammpanzer38t.gif'
1238,'Label_GELimber.gif'
1239,'Label_Greyhound.gif'
1240,'Label_Grille33-1.gif'
1241,'Label_Grille33.gif'
1242,'Label_Hetzer.gif'
1243,'Label_Hs-123A-1.gif'
1244,'Label_Hs-129.gif'
1245,'Label_Humber.gif'
1246,'Label_IL2m3.gif'
1247,'Label_IS2mM44.gif'
1248,'Label_IS3M45.gif'
1249,'Label_ISU122M44.gif'
1250,'Label_ISU152M44.gif'
1251,'Label_Jagdpanther.gif'
1252,'Label_JagdpanzerIV70.gif'
1253,'Label_JagdpanzerIV.gif'
1254,'Label_Jagdtiger.gif'
1255,'Label_Jeep.gif'
1256,'Label_Ju_87B1.gif'
1257,'Label_Ju87B1.gif'
1258,'Label_Ju87G1.gif'
1259,'Label_Komsomolyets.gif'
1260,'Label_KV1M40.gif'
1261,'Label_KV1M41.gif'
1262,'Label_KV1M42.gif'
1263,'Label_KV1SM42.gif'
1264,'Label_KV2M41.gif'
1265,'Label_KV85M43.gif'
1266,'Label_LoydCarrier.gif'
1267,'Label_M10GMC.gif'
1268,'Label_M17MGMC.gif'
1269,'Label_M18GMC.gif'
1270,'Label_M20.gif'
1271,'Label_M2APC.gif'
1272,'Label_M3A1APC.gif'
1273,'Label_M3A1.gif'
1274,'Label_M3Lee.gif'
1275,'Label_M4A176W.gif'
1276,'Label_M4A1.gif'
1277,'Label_M4A1MMC.gif'
1278,'Label_M4A3105HMC.gif'
1279,'Label_M4A3E275W.gif'
1280,'Label_M5A1.gif'
1281,'Label_M5APC.gif'
1282,'Label_M8HMC.gif'
1283,'Label_MarderII.gif'
1284,'Label_MarderIII.gif'
1285,'Label_MarderIII-PaK36.gif'
1286,'Label_MatildaII.gif'
1287,'Label_Mobelwagon.gif'
1288,'Label_Nashorn.gif'
1289,'Label_OQF6pounder.gif'
1290,'Label_Ostwind.gif'
1291,'Label_OT34M42.gif'
1292,'Label_P38L.gif'
1293,'Label_P47D.gif'
1294,'Label_PanzerjagerI.gif'
1295,'Label_Pe2.gif'
1296,'Label_PSW221.gif'
1297,'Label_PSW221sPzB.gif'
1298,'Label_PSW222.gif'
1299,'Label_PSW231.gif'
1300,'Label_PSW233.gif'
1301,'Label_PSW234-1.gif'
1302,'Label_PSW234-2.gif'
1303,'Label_PSW234-3.gif'
1304,'Label_PSW234-4.gif'
1305,'Label_PSWII.gif'
1306,'Label_Pz35t.gif'
1307,'Label_Pz38tC.gif'
1308,'Label_Pz38tE-F.gif'
1309,'Label_Pz38t.gif'
1310,'Label_PzIB.gif'
1311,'Label_PzIIC.gif'
1312,'Label_PzIIF.gif'
1313,'Label_PzIIIF.gif'
1314,'Label_PzIIIFl.gif'
1315,'Label_PzIIIG.gif'
1316,'Label_PzIIIJ.gif'
1317,'Label_PzIIIM.gif'
1318,'Label_PzIIIN.gif'
1319,'Label_PzIVD.gif'
1320,'Label_PzIVE.gif'
1321,'Label_PzIVF1.gif'
1322,'Label_PzIVF2.gif'
1323,'Label_PzIVG.gif'
1324,'Label_PzIVH.gif'
1325,'Label_PzIVJ.gif'
1326,'Label_PzV.gif'
1327,'Label_PZV.gif'
1328,'Label_PzVIB.gif'
1329,'Label_PzVIE.gif'
1330,'Label_RULimber.gif'
1331,'Label_RUTruck.gif'
1332,'Label_SdKfz10.gif'
1333,'Label_SdKfz11.gif'
1334,'Label_SdKfz7.gif'
1335,'Label_ShermanIII75.gif'
1336,'Label_ShermanIII76.gif'
1337,'Label_ShermanVCFirefly.gif'
1338,'Label_ShermanV.gif'
1339,'Label_SPW250-10.gif'
1340,'Label_SPW250-11.gif'
1341,'Label_SPW250-1.gif'
1342,'Label_SPW250-7.gif'
1343,'Label_SPW250-8.gif'
1344,'Label_SPW250-9.gif'
1345,'Label_SPW251-10.gif'
1346,'Label_SPW251-17.gif'
1347,'Label_SPW251-1.gif'
1348,'Label_SPW251-22.gif'
1349,'Label_SPW251-2.gif'
1350,'Label_SPW251-9.gif'
1351,'Label_StuartIII.gif'
1352,'Label_StuartV.gif'
1353,'Label_STuGIIIA.gif'
1354,'Label_STuGIIIB.gif'
1355,'Label_STuGIIIF.gif'
1356,'Label_STuGIIIG.gif'
1357,'Label_STuGIV.gif'
1358,'Label_STuH42.gif'
1359,'Label_SU100M44.gif'
1360,'Label_SU122M43.gif'
1361,'Label_SU152M43.gif'
1362,'Label_Su2.gif'
1363,'Label_SU57M43.gif'
1364,'Label_SU76iM43.gif'
1365,'Label_SU76MM43.gif'
1366,'Label_SU85M43.gif'
1367,'Label_T26SM37.gif'
1368,'Label_T28EM38.gif'
1369,'Label_T28M34.gif'
1370,'Label_T3476M40.gif'
1371,'Label_T3476M41.gif'
1372,'Label_T3476M42.gif'
1373,'Label_T3476M43.gif'
1374,'Label_T3485M44.gif'
1375,'Label_T35M35.gif'
1376,'Label_T38M37.gif'
1377,'Label_T40M40.gif'
1378,'Label_T60M41.gif'
1379,'Label_T60M42.gif'
1380,'Label_T70M42.gif'
1381,'Label_Truck.gif'
1382,'Label_TrucksBR.gif'
1383,'Label_TrucksUS.gif'
1384,'Label_US_12-7mmAAMG.gif'
1385,'Label_US_37mmM1A1.gif'
1386,'Label_US_37mmM3A1.gif'
1387,'Label_US_3-inM5.gif'
1388,'Label_US_57mmM1.gif'
1389,'Label_US_CG4A.gif'
1390,'Label_US_Jeep.gif'
1391,'Label_US_M10.gif'
1392,'Label_US_M16.gif'
1393,'Label_US_M21.gif'
1394,'Label_US_M24.gif'
1395,'Label_US_M26.gif'
1396,'Label_US_M36.gif'
1397,'Label_US_M3A1APC.gif'
1398,'Label_US_M3GMC.gif'
1399,'Label_US_M4A176W.gif'
1400,'Label_US_M4A1.gif'
1401,'Label_US_M4A1-MMC.gif'
1402,'Label_US_M4A3105.gif'
1403,'Label_US_M4A375W.gif'
1404,'Label_US_M4A376W.gif'
1405,'Label_US_M4A3E275W.gif'
1406,'Label_US_M4A3E276W.gif'
1407,'Label_US_M4A3E876W.gif'
1408,'Label_US_M55.gif'
1409,'Label_US_M5A1.gif'
1410,'Label_US_M8.gif'
1411,'Label_US_P38L.gif'
1412,'Label_US_P47D.gif'
1413,'Label_US_Truck.gif'
1414,'Label_ValentineII.gif'
1415,'Label_ValentineVIII.gif'
1416,'Label_Wirbelwind.gif'
1417,'Label_Yak9T.gif'
1418,'M17MGMC.png'
1419,'M2APC.png'
1420,'M3A1.png'
1421,'M3Lee_hull.png'
1422,'M3Lee_turret1fired.png'
1423,'M3Lee_turret1.png'
1424,'M3Lee_turret2fired.png'
1425,'M3Lee_turret2.png'
1426,'M3Lee_turret3fired.png'
1427,'M3Lee_turret3.png'
1428,'M3Lee_turret4fired.png'
1429,'M3Lee_turret4.png'
1430,'M3Lee_turret5fired.png'
1431,'M3Lee_turret5.png'
1432,'M3Lee_turret6fired.png'
1433,'M3Lee_turret6.png'
1434,'M8HMC_turret_1fired.png'
1435,'M8HMC_turret_2fired.png'
1436,'M8HMC_turret_3fired.png'
1437,'M8HMC_turret_4fired.png'
1438,'M8HMC_turret_5fired.png'
1439,'M8HMC_turret_6fired.png'
1440,'Marder.gif'
1441,'MarderIIIPaK36.png'
1442,'MarderIII.png'
1443,'Marder.png'
1444,'Marker_bail.gif'
1445,'Marker_break-off.gif'
1446,'Marker_break-on.gif'
1447,'Marker_brewup.gif'
1448,'Marker_command-facedown.gif'
1449,'Marker_command-fire.gif'
1450,'Marker_command_hidden.png'
1451,'Marker_command-move.gif'
1452,'Marker_command-nc.gif'
1453,'Marker_command-overwatch.gif'
1454,'Marker_command-shorthaltfire.gif'
1455,'Marker_command-shorthaltmove.gif'
1456,'Marker_control-french.gif'
1457,'Marker_control-GB-USA.gif'
1458,'Marker_control-german.gif'
1459,'Marker_control-russian.gif'
1460,'Marker_damaged.gif'
1461,'Marker_damaged_hull.gif'
1462,'Marker_damaged_turret.gif'
1463,'Marker_hesitation-off.gif'
1464,'Marker_hesitation-on.gif'
1465,'Marker_hidden-gray10.gif'
1466,'Marker_hidden-gray11.gif'
1467,'Marker_hidden-gray12.gif'
1468,'Marker_hidden-gray13.gif'
1469,'Marker_hidden-gray14.gif'
1470,'Marker_hidden-gray15.gif'
1471,'Marker_hidden-gray16.gif'
1472,'Marker_hidden-gray17.gif'
1473,'Marker_hidden-gray18.gif'
1474,'Marker_hidden-gray19.gif'
1475,'Marker_hidden-gray1.gif'
1476,'Marker_hidden-gray20.gif'
1477,'Marker_hidden-gray21.gif'
1478,'Marker_hidden-gray22.gif'
1479,'Marker_hidden-gray23.gif'
1480,'Marker_hidden-gray24.gif'
1481,'Marker_hidden-gray25.gif'
1482,'Marker_hidden-gray2.gif'
1483,'Marker_hidden-gray3.gif'
1484,'Marker_hidden-gray4.gif'
1485,'Marker_hidden-gray5.gif'
1486,'Marker_hidden-gray6.gif'
1487,'Marker_hidden-gray7.gif'
1488,'Marker_hidden-gray8.gif'
1489,'Marker_hidden-gray9.gif'
1490,'Marker_hidden-red10.gif'
1491,'Marker_hidden-red11.gif'
1492,'Marker_hidden-red12.gif'
1493,'Marker_hidden-red13.gif'
1494,'Marker_hidden-red14.gif'
1495,'Marker_hidden-red15.gif'
1496,'Marker_hidden-red16.gif'
1497,'Marker_hidden-red17.gif'
1498,'Marker_hidden-red18.gif'
1499,'Marker_hidden-red19.gif'
1500,'Marker_hidden-red1.gif'
1501,'Marker_hidden-red20.gif'
1502,'Marker_hidden-red21.gif'
1503,'Marker_hidden-red22.gif'
1504,'Marker_hidden-red23.gif'
1505,'Marker_hidden-red24.gif'
1506,'Marker_hidden-red25.gif'
1507,'Marker_hidden-red2.gif'
1508,'Marker_hidden-red3.gif'
1509,'Marker_hidden-red4.gif'
1510,'Marker_hidden-red5.gif'
1511,'Marker_hidden-red6.gif'
1512,'Marker_hidden-red7.gif'
1513,'Marker_hidden-red8.gif'
1514,'Marker_hidden-red9.gif'
1515,'Marker_illumination.gif'
1516,'Marker_illumination_off.gif'
1517,'Marker_illumination_on.gif'
1518,'Marker_indirect-fire_FR.gif'
1519,'Marker_indirect-fire_GE.gif'
1520,'Marker_indirect-fire_RU.gif'
1521,'Marker_indirect-fire_US_BR.gif'
1522,'Marker_knockout.gif'
1523,'Marker_spot-fire.gif'
1524,'Marker_spot-move.gif'
1525,'Marker_spot-not.gif'
1526,'Marker_status-fc.gif'
1527,'Marker_status-hd.gif'
1528,'Marker_status-inb.gif'
1529,'Marker_status-phd.gif'
1530,'Marker_status-up.gif'
1531,'Marker_summary10.gif'
1532,'Marker_summary1.gif'
1533,'Marker_summary2.gif'
1534,'Marker_summary3.gif'
1535,'Marker_summary4.gif'
1536,'Marker_summary5.gif'
1537,'Marker_summary6.gif'
1538,'Marker_summary7.gif'
1539,'Marker_summary8.gif'
1540,'Marker_summary9.gif'
1541,'Marker_suppress-off.gif'
1542,'Marker_suppress-on.gif'
1543,'Marker_target_blue_10.png'
1544,'Marker_target_blue_11.png'
1545,'Marker_target_blue_12.png'
1546,'Marker_target_blue_13.png'
1547,'Marker_target_blue_14.png'
1548,'Marker_target_blue_15.png'
1549,'Marker_target_blue_1.png'
1550,'Marker_target_blue_2.png'
1551,'Marker_target_blue_3.png'
1552,'Marker_target_blue_4.png'
1553,'Marker_target_blue_5.png'
1554,'Marker_target_blue_6.png'
1555,'Marker_target_blue_7.png'
1556,'Marker_target_blue_8.png'
1557,'Marker_target_blue_9.png'
1558,'Marker_target_red_10.png'
1559,'Marker_target_red_11.png'
1560,'Marker_target_red_12.png'
1561,'Marker_target_red_13.png'
1562,'Marker_target_red_14.png'
1563,'Marker_target_red_15.png'
1564,'Marker_target_red_1.png'
1565,'Marker_target_red_2.png'
1566,'Marker_target_red_3.png'
1567,'Marker_target_red_4.png'
1568,'Marker_target_red_5.png'
1569,'Marker_target_red_6.png'
1570,'Marker_target_red_7.png'
1571,'Marker_target_red_8.png'
1572,'Marker_target_red_9.png'
1573,'Marker_track.gif'
1574,'Marker_turn_Allies.gif'
1575,'Marker_turn_Axis.gif'
1576,'Marker_turn_FR.gif'
1577,'Marker_turn_GE.gif'
1578,'Marker_turn_RU.gif'
1579,'Marker_turn_US.gif'
1580,'Marker_turret-buttoned.gif'
1581,'Marker_turret-closed_BR.png'
1582,'Marker_turret-closed_FR.png'
1583,'Marker_turret-closed_GE.gif'
1584,'Marker_turret-closed_GE.png'
1585,'Marker_turret-closed_RU.gif'
1586,'Marker_turret-closed_RU.png'
1587,'Marker_turret-closed_US.png'
1588,'Marker_turret-open_BR.png'
1589,'Marker_turret-open_FR.png'
1590,'Marker_turret-open_GE.gif'
1591,'Marker_turret-open_GE.png'
1592,'Marker_turret-open_RU.gif'
1593,'Marker_turret-open_RU.png'
1594,'Marker_turret-open_US.png'
1595,'Marker_under-fire.gif'
1596,'MatildaII_hull.png'
1597,'MatildaII_turret1.png'
1598,'MatildaII_turret2.png'
1599,'MatildaII_turret3.png'
1600,'MatildaII_turret4.png'
1601,'MatildaII_turret5.png'
1602,'MatildaII_turret6.png'
1603,'MBT_Offboard_setup.gif'
1604,'Mobelwagon.png'
1605,'Moved.png'
1606,'Nashorn.png'
1607,'Ostwind_hull.png'
1608,'Ostwind_turret1fired.png'
1609,'Ostwind_turret1.png'
1610,'Ostwind_turret2fired.png'
1611,'Ostwind_turret2.png'
1612,'Ostwind_turret3fired.png'
1613,'Ostwind_turret3.png'
1614,'Ostwind_turret4fired.png'
1615,'Ostwind_turret4.png'
1616,'Ostwind_turret5fired.png'
1617,'Ostwind_turret5.png'
1618,'Ostwind_turret6fired.png'
1619,'Ostwind_turret6.png'
1620,'OT34M42_hull.png'
1621,'OT34M42_turret1.png'
1622,'OT34M42_turret2.png'
1623,'OT34M42_turret3.png'
1624,'OT34M42_turret4.png'
1625,'OT34M42_turret5.png'
1626,'OT34M42_turret6.png'
1627,'Panzer10.jpg'
1628,'Panzer11.jpg'
1629,'Panzer12.jpg'
1630,'Panzer13.jpg'
1631,'Panzer14.jpg'
1632,'Panzer15.jpg'
1633,'Panzer16.jpg'
1634,'Panzer17.jpg'
1635,'Panzer18.jpg'
1636,'Panzer19.jpg'
1637,'Panzer1.jpg'
1638,'Panzer20.jpg'
1639,'Panzer2.jpg'
1640,'Panzer3.jpg'
1641,'Panzer4.jpg'
1642,'Panzer5.jpg'
1643,'Panzer6.jpg'
1644,'Panzer7.jpg'
1645,'Panzer8.jpg'
1646,'Panzer9.jpg'
1647,'Panzerjager1.png'
1648,'Panzer-Leader-British10A.gif'
1649,'Panzer-Leader-British10B.gif'
1650,'Panzer-Leader-British1A.gif'
1651,'Panzer-Leader-British1B.gif'
1652,'Panzer-Leader-British2A.gif'
1653,'Panzer-Leader-British2B.gif'
1654,'Panzer-Leader-British3A.gif'
1655,'Panzer-Leader-British3B.gif'
1656,'Panzer-Leader-British4A.gif'
1657,'Panzer-Leader-British4B.gif'
1658,'Panzer-Leader-British5A.gif'
1659,'Panzer-Leader-British5B.gif'
1660,'Panzer-Leader-British6A.gif'
1661,'Panzer-Leader-British6B.gif'
1662,'Panzer-Leader-British7A.gif'
1663,'Panzer-Leader-British7B.gif'
1664,'Panzer-Leader-British8A.gif'
1665,'Panzer-Leader-British8B.gif'
1666,'Panzer-Leader-British9A.gif'
1667,'Panzer-Leader-British9B.gif'
1668,'Panzer-Leader-French10A.gif'
1669,'Panzer-Leader-French10B.gif'
1670,'Panzer-Leader-French1A.gif'
1671,'Panzer-Leader-French1B.gif'
1672,'Panzer-Leader-French2A.gif'
1673,'Panzer-Leader-French2B.gif'
1674,'Panzer-Leader-French3A.gif'
1675,'Panzer-Leader-French3B.gif'
1676,'Panzer-Leader-French4A.gif'
1677,'Panzer-Leader-French4B.gif'
1678,'Panzer-Leader-French5A.gif'
1679,'Panzer-Leader-French5B.gif'
1680,'Panzer-Leader-French6A.gif'
1681,'Panzer-Leader-French6B.gif'
1682,'Panzer-Leader-French7A.gif'
1683,'Panzer-Leader-French7B.gif'
1684,'Panzer-Leader-French8A.gif'
1685,'Panzer-Leader-French8B.gif'
1686,'Panzer-Leader-French9A.gif'
1687,'Panzer-Leader-French9B.gif'
1688,'Panzer-Leader-German10A.gif'
1689,'Panzer-Leader-German10B.gif'
1690,'Panzer-Leader-German1A.gif'
1691,'Panzer-Leader-German1B.gif'
1692,'Panzer-Leader-German2A.gif'
1693,'Panzer-Leader-German2B.gif'
1694,'Panzer-Leader-German3A.gif'
1695,'Panzer-Leader-German3B.gif'
1696,'Panzer-Leader-German4A.gif'
1697,'Panzer-Leader-German4B.gif'
1698,'Panzer-Leader-German5A.gif'
1699,'Panzer-Leader-German5B.gif'
1700,'Panzer-Leader-German6A.gif'
1701,'Panzer-Leader-German6B.gif'
1702,'Panzer-Leader-German7A.gif'
1703,'Panzer-Leader-German7B.gif'
1704,'Panzer-Leader-German8A.gif'
1705,'Panzer-Leader-German8B.gif'
1706,'Panzer-Leader-German9A.gif'
1707,'Panzer-Leader-German9B.gif'
1708,'Panzer-Leader-Soviet10A.gif'
1709,'Panzer-Leader-Soviet10B.gif'
1710,'Panzer-Leader-Soviet1A.gif'
1711,'Panzer-Leader-Soviet1B.gif'
1712,'Panzer-Leader-Soviet2A.gif'
1713,'Panzer-Leader-Soviet2B.gif'
1714,'Panzer-Leader-Soviet3A.gif'
1715,'Panzer-Leader-Soviet3B.gif'
1716,'Panzer-Leader-Soviet4A.gif'
1717,'Panzer-Leader-Soviet4B.gif'
1718,'Panzer-Leader-Soviet5A.gif'
1719,'Panzer-Leader-Soviet5B.gif'
1720,'Panzer-Leader-Soviet6A.gif'
1721,'Panzer-Leader-Soviet6B.gif'
1722,'Panzer-Leader-Soviet7A.gif'
1723,'Panzer-Leader-Soviet7B.gif'
1724,'Panzer-Leader-Soviet8A.gif'
1725,'Panzer-Leader-Soviet8B.gif'
1726,'Panzer-Leader-Soviet9A.gif'
1727,'Panzer-Leader-Soviet9B.gif'
1728,'Panzer-Leader-US10A.gif'
1729,'Panzer-Leader-US10B.gif'
1730,'Panzer-Leader-US1A.gif'
1731,'Panzer-Leader-US1B.gif'
1732,'Panzer-Leader-US2A.gif'
1733,'Panzer-Leader-US2B.gif'
1734,'Panzer-Leader-US3A.gif'
1735,'Panzer-Leader-US3B.gif'
1736,'Panzer-Leader-US4A.gif'
1737,'Panzer-Leader-US4B.gif'
1738,'Panzer-Leader-US5A.gif'
1739,'Panzer-Leader-US5B.gif'
1740,'Panzer-Leader-US6A.gif'
1741,'Panzer-Leader-US6B.gif'
1742,'Panzer-Leader-US7A.gif'
1743,'Panzer-Leader-US7B.gif'
1744,'Panzer-Leader-US8A.gif'
1745,'Panzer-Leader-US8B.gif'
1746,'Panzer-Leader-US9A.gif'
1747,'Panzer-Leader-US9B.gif'
1748,'Pe2.png'
1749,'PSW221_hull.png'
1750,'PSW221-sPzB.png'
1751,'PSW221_turret1fired.png'
1752,'PSW221_turret1.png'
1753,'PSW221_turret2fired.png'
1754,'PSW221_turret2.png'
1755,'PSW221_turret3fired.png'
1756,'PSW221_turret3.png'
1757,'PSW221_turret4fired.png'
1758,'PSW221_turret4.png'
1759,'PSW221_turret5fired.png'
1760,'PSW221_turret5.png'
1761,'PSW221_turret6fired.png'
1762,'PSW221_turret6.png'
1763,'PSW222_hull.png'
1764,'PSW222_turret1fired.png'
1765,'PSW222_turret1.png'
1766,'PSW222_turret2fired.png'
1767,'PSW222_turret2.png'
1768,'PSW222_turret3fired.png'
1769,'PSW222_turret3.png'
1770,'PSW222_turret4fired.png'
1771,'PSW222_turret4.png'
1772,'PSW222_turret5fired.png'
1773,'PSW222_turret5.png'
1774,'PSW222_turret6fired.png'
1775,'PSW222_turret6.png'
1776,'PSW231_hull.png'
1777,'PSW231_turret1fired.png'
1778,'PSW231_turret1.png'
1779,'PSW231_turret2fired.png'
1780,'PSW231_turret2.png'
1781,'PSW231_turret3fired.png'
1782,'PSW231_turret3.png'
1783,'PSW231_turret4fired.png'
1784,'PSW231_turret4.png'
1785,'PSW231_turret5fired.png'
1786,'PSW231_turret5.png'
1787,'PSW231_turret6fired.png'
1788,'PSW231_turret6.png'
1789,'PSW233.png'
1790,'PSW234-1_hull.png'
1791,'PSW234-1_turret1fired.png'
1792,'PSW234-1_turret1.png'
1793,'PSW234-1_turret2fired.png'
1794,'PSW234-1_turret2.png'
1795,'PSW234-1_turret3fired.png'
1796,'PSW234-1_turret3.png'
1797,'PSW234-1_turret4fired.png'
1798,'PSW234-1_turret4.png'
1799,'PSW234-1_turret5fired.png'
1800,'PSW234-1_turret5.png'
1801,'PSW234-1_turret6fired.png'
1802,'PSW234-1_turret6.png'
1803,'PSW234-2_hull.png'
1804,'PSW234-2_turret1fired.png'
1805,'PSW234-2_turret1.png'
1806,'PSW234-2_turret2fired.png'
1807,'PSW234-2_turret2.png'
1808,'PSW234-2_turret3fired.png'
1809,'PSW234-2_turret3.png'
1810,'PSW234-2_turret4fired.png'
1811,'PSW234-2_turret4.png'
1812,'PSW234-2_turret5fired.png'
1813,'PSW234-2_turret5.png'
1814,'PSW234-2_turret6fired.png'
1815,'PSW234-2_turret6.png'
1816,'PSW234-3.png'
1817,'PSW234-4.png'
1818,'PSWII_hull.png'
1819,'PSWII_turret1fired.png'
1820,'PSWII_turret1.png'
1821,'PSWII_turret2fired.png'
1822,'PSWII_turret2.png'
1823,'PSWII_turret3fired.png'
1824,'PSWII_turret3.png'
1825,'PSWII_turret4fired.png'
1826,'PSWII_turret4.png'
1827,'PSWII_turret5.png'
1828,'PSWII_turret6fired.png'
1829,'PSWII_turret6.png'
1830,'PZ35t_hull.png'
1831,'PZ35t_turret1.png'
1832,'PZ35t_turret2.png'
1833,'PZ35t_turret3.png'
1834,'PZ35t_turret4.png'
1835,'PZ35t_turret5.png'
1836,'PZ35t_turret6.png'
1837,'PZ38c_hull.png'
1838,'PZ38c_turret1.png'
1839,'PZ38c_turret2.png'
1840,'PZ38c_turret3.png'
1841,'PZ38c_turret4.png'
1842,'PZ38c_turret5.png'
1843,'PZ38c_turret6.png'
1844,'PZ38tE-F_hull.png'
1845,'PZ38tE-F_turret1fired.png'
1846,'PZ38tE-F_turret1.png'
1847,'PZ38tE-F_turret2fired.png'
1848,'PZ38tE-F_turret2.png'
1849,'PZ38tE-F_turret3fired.png'
1850,'PZ38tE-F_turret3.png'
1851,'PZ38tE-F_turret4fired.png'
1852,'PZ38tE-F_turret4.png'
1853,'PZ38tE-F_turret5fired.png'
1854,'PZ38tE-F_turret5.png'
1855,'PZ38tE-F_turret6fired.png'
1856,'PZ38tE-F_turret6.png'
1857,'PZ38t_hull.png'
1858,'PZ38t_turret1.png'
1859,'PZ38t_turret2.png'
1860,'PZ38t_turret3.png'
1861,'PZ38t_turret4.png'
1862,'PZ38t_turret5.png'
1863,'PZ38t_turret6.png'
1864,'PZIB_hull.png'
1865,'PZIB_turret1.png'
1866,'PZIB_turret2.png'
1867,'PZIB_turret3.png'
1868,'PZIB_turret4.png'
1869,'PZIB_turret5.png'
1870,'PZIB_turret6.png'
1871,'PZIIC_hull.png'
1872,'PZIIC_turret1.png'
1873,'PZIIC_turret2.png'
1874,'PZIIC_turret3.png'
1875,'PZIIC_turret4.png'
1876,'PZIIC_turret5.png'
1877,'PZIIC_turret6.png'
1878,'PZIIF_hull.png'
1879,'PZIIF_turret1fired.png'
1880,'PZIIF_turret1.png'
1881,'PZIIF_turret2fired.png'
1882,'PZIIF_turret2.png'
1883,'PZIIF_turret3fired.png'
1884,'PZIIF_turret3.png'
1885,'PZIIF_turret4fired.png'
1886,'PZIIF_turret4.png'
1887,'PZIIF_turret5fired.png'
1888,'PZIIF_turret5.png'
1889,'PZIIF_turret6fired.png'
1890,'PZIIF_turret6.png'
1891,'PZIIIF_hull.png'
1892,'PZIIIFL_hull.png'
1893,'PZIIIFL_turret1fired.png'
1894,'PZIIIFL_turret1.png'
1895,'PZIIIFL_turret2fired.png'
1896,'PZIIIFL_turret2.png'
1897,'PZIIIFL_turret3fired.png'
1898,'PZIIIFL_turret3.png'
1899,'PZIIIFL_turret4fired.png'
1900,'PZIIIFL_turret4.png'
1901,'PZIIIFL_turret5fired.png'
1902,'PZIIIFL_turret5.png'
1903,'PZIIIFL_turret6fired.png'
1904,'PZIIIFL_turret6.png'
1905,'PZIIIF_turret1fired.png'
1906,'PZIIIF_turret1.png'
1907,'PZIIIF_turret2fired.png'
1908,'PZIIIF_turret2.png'
1909,'PZIIIF_turret3fired.png'
1910,'PZIIIF_turret3.png'
1911,'PZIIIF_turret4fired.png'
1912,'PZIIIF_turret4.png'
1913,'PZIIIF_turret5fired.png'
1914,'PZIIIF_turret5.png'
1915,'PZIIIF_turret6fired.png'
1916,'PZIIIF_turret6.png'
1917,'PZIIIG_hull.png'
1918,'PZIII.gif'
1919,'PZIIIG_turret1fired.png'
1920,'PZIIIG_turret1.png'
1921,'PZIIIG_turret2fired.png'
1922,'PZIIIG_turret2.png'
1923,'PZIIIG_turret3fired.png'
1924,'PZIIIG_turret3.png'
1925,'PZIIIG_turret4fired.png'
1926,'PZIIIG_turret4.png'
1927,'PZIIIG_turret5fired.png'
1928,'PZIIIG_turret5.png'
1929,'PZIIIG_turret6fired.png'
1930,'PZIIIG_turret6.png'
1931,'PZIII_hull.png'
1932,'PZIIIJ_hull.png'
1933,'PZIIIJ_turret1fired.png'
1934,'PZIIIJ_turret1.png'
1935,'PZIIIJ_turret2fired.png'
1936,'PZIIIJ_turret2.png'
1937,'PZIIIJ_turret3fired.png'
1938,'PZIIIJ_turret3.png'
1939,'PZIIIJ_turret4fired.png'
1940,'PZIIIJ_turret4.png'
1941,'PZIIIJ_turret5fired.png'
1942,'PZIIIJ_turret5.png'
1943,'PZIIIJ_turret6fired.png'
1944,'PZIIIJ_turret6.png'
1945,'PZIIIN_hull.png'
1946,'PZIIIN_turret1fired.png'
1947,'PZIIIN_turret1.png'
1948,'PZIIIN_turret2fired.png'
1949,'PZIIIN_turret2.png'
1950,'PZIIIN_turret3fired.png'
1951,'PZIIIN_turret3.png'
1952,'PZIIIN_turret4fired.png'
1953,'PZIIIN_turret4.png'
1954,'PZIIIN_turret5fired.png'
1955,'PZIIIN_turret5.png'
1956,'PZIIIN_turret6fired.png'
1957,'PZIIIN_turret6.png'
1958,'PZIII_turret_1fire.png'
1959,'PZIII_turret_1.png'
1960,'PZIII_turret_2fire.png'
1961,'PZIII_turret_2.png'
1962,'PZIII_turret_3fire.png'
1963,'PZIII_turret_3.png'
1964,'PZIII_turret_4fire.png'
1965,'PZIII_turret_4.png'
1966,'PZIII_turret_5fire.png'
1967,'PZIII_turret_5.png'
1968,'PZIII_turret_6fire.png'
1969,'PZIII_turret_6.png'
1970,'PZIVD_hull.png'
1971,'PZIVD_turret1.png'
1972,'PZIVD_turret2.png'
1973,'PZIVD_turret3.png'
1974,'PZIVD_turret4.png'
1975,'PZIVD_turret5.png'
1976,'PZIVD_turret6.png'
1977,'PZIVE_hull.png'
1978,'PZIVE_turret1fired.png'
1979,'PZIVE_turret1.png'
1980,'PZIVE_turret2fired.png'
1981,'PZIVE_turret2.png'
1982,'PZIVE_turret3fired.png'
1983,'PZIVE_turret3.png'
1984,'PZIVE_turret4fired.png'
1985,'PZIVE_turret4.png'
1986,'PZIVE_turret5fired.png'
1987,'PZIVE_turret5.png'
1988,'PZIVE_turret6fired.png'
1989,'PZIVE_turret6.png'
1990,'PZIVF1_hull.png'
1991,'PZIVF1_turret1.png'
1992,'PZIVF1_turret2.png'
1993,'PZIVF1_turret3.png'
1994,'PZIVF1_turret4.png'
1995,'PZIVF1_turret5.png'
1996,'PZIVF1_turret6.png'
1997,'PZIVF2_hull.png'
1998,'PZIVF2_turret1fired.png'
1999,'PZIVF2_turret1.png'
2000,'PZIVF2_turret2fired.png'
2001,'PZIVF2_turret2.png'
2002,'PZIVF2_turret3fired.png'
2003,'PZIVF2_turret3.png'
2004,'PZIVF2_turret4fired.png'
2005,'PZIVF2_turret4.png'
2006,'PZIVF2_turret5fired.png'
2007,'PZIVF2_turret5.png'
2008,'PZIVF2_turret6fired.png'
2009,'PZIVF2_turret6.png'
2010,'PZIVG.gif'
2011,'PZIVG_hull.png'
2012,'PZIVG_turret_1.png'
2013,'PZIVG_turret_2.png'
2014,'PZIVG_turret_3.png'
2015,'PZIVG_turret_4.png'
2016,'PZIVG_turret_5.png'
2017,'PZIVG_turret_6.png'
2018,'PZIVH.gif'
2019,'PZIVH_hull.png'
2020,'PZIVH_turret_1.png'
2021,'PZIVH_turret_2.png'
2022,'PZIVH_turret_3.png'
2023,'PZIVH_turret_4.png'
2024,'PZIVH_turret_5.png'
2025,'PZIVH_turret_6.png'
2026,'PZIVJ_hull.png'
2027,'PZIVJ_turret1fired.png'
2028,'PZIVJ_turret1.png'
2029,'PZIVJ_turret2fired.png'
2030,'PZIVJ_turret2.png'
2031,'PZIVJ_turret3fired.png'
2032,'PZIVJ_turret3.png'
2033,'PZIVJ_turret4fired.png'
2034,'PZIVJ_turret4.png'
2035,'PZIVJ_turret5fired.png'
2036,'PZIVJ_turret5.png'
2037,'PZIVJ_turret6fired.png'
2038,'PZIVJ_turret6.png'
2039,'PZIV_turret_1fired.png'
2040,'PZIV_turret_2fired.png'
2041,'PZIV_turret_3fired.png'
2042,'PZIV_turret_4fired.png'
2043,'PZIV_turret_5fired.png'
2044,'PZIV_turret_6fired.png'
2045,'Pz-Map-21-Proof3.jpg'
2046,'Pz-Map-22-Proof2.jpg'
2047,'Pz-Map-23-Proof3.jpg'
2048,'Pz-Map-24-Proof1.jpg'
2049,'Pz-Map-25-Proof1.jpg'
2050,'Pz-Map-26-Proof2.jpg'
2051,'Pz-Map-27-Proof1.jpg'
2052,'Pz-Map-28-Proof2.jpg'
2053,'PZV.gif'
2054,'PZV_hull.png'
2055,'PZVIB.gif'
2056,'PZVIB_hull.png'
2057,'PZVIB_turret1fired.png'
2058,'PZVIB_turret1.png'
2059,'PZVIB_turret2fired.png'
2060,'PZVIB_turret2.png'
2061,'PZVIB_turret3fired.png'
2062,'PZVIB_turret3.png'
2063,'PZVIB_turret4fired.png'
2064,'PZVIB_turret4.png'
2065,'PZVIB_turret5fired.png'
2066,'PZVIB_turret5.png'
2067,'PZVIB_turret6fired.png'
2068,'PZVIB_turret6.png'
2069,'PZVIE.gif'
2070,'PZVIE_hull.png'
2071,'PZVIE_turret_1fired.png'
2072,'PZVIE_turret_1.png'
2073,'PZVIE_turret_2fired.png'
2074,'PZVIE_turret_2.png'
2075,'PZVIE_turret_3fired.png'
2076,'PZVIE_turret_3.png'
2077,'PZVIE_turret_4fired.png'
2078,'PZVIE_turret_4.png'
2079,'PZVIE_turret_5fired.png'
2080,'PZVIE_turret_5.png'
2081,'PZVIE_turret_6fired.png'
2082,'PZVIE_turret_6.png'
2083,'PZV_turret_1fired.png'
2084,'PZV_turret_1.png'
2085,'PZV_turret_2fired.png'
2086,'PZV_turret_2.png'
2087,'PZV_turret_3fired.png'
2088,'PZV_turret_3.png'
2089,'PZV_turret_4fired.png'
2090,'PZV_turret_4.png'
2091,'PZV_turret_5fired.png'
2092,'PZV_turret_5.png'
2093,'PZV_turret_6fired.png'
2094,'PZV_turret_6.png'
2095,'RU_57ATG.gif'
2096,'RU_57ATG.png'
2097,'RU_76ATG.gif'
2098,'RU_76ATG.png'
2099,'RU_CommandSection.gif'
2100,'RU_CommandSection_St.gif'
2101,'RU_halfsquad.gif'
2102,'RU_HalfSquad_St.gif'
2103,'RU_HMG.gif'
2104,'RU_HMG_St.gif'
2105,'RU_leg.gif'
2106,'RU_limber.gif'
2107,'RU_Limbers.png'
2108,'RU_mortar.gif'
2109,'RU_Mortar_St.gif'
2110,'RU_Squad_St.gif'
2111,'RU_truck.gif'
2112,'RU_Truck.png'
2113,'SdKfz11.gif'
2114,'SdKfz7.gif'
2115,'ShermanIII75_hull.png'
2116,'ShermanIII75_turret1.png'
2117,'ShermanIII75_turret2.png'
2118,'ShermanIII75_turret3.png'
2119,'ShermanIII75_turret4.png'
2120,'ShermanIII75_turret5.png'
2121,'ShermanIII75_turret6.png'
2122,'ShermanIII76_hull.png'
2123,'ShermanIII76_turret1fired.png'
2124,'ShermanIII76_turret1.png'
2125,'ShermanIII76_turret2fired.png'
2126,'ShermanIII76_turret2.png'
2127,'ShermanIII76_turret3fired.png'
2128,'ShermanIII76_turret3.png'
2129,'ShermanIII76_turret4fired.png'
2130,'ShermanIII76_turret4.png'
2131,'ShermanIII76_turret5fired.png'
2132,'ShermanIII76_turret5.png'
2133,'ShermanIII76_turret6fired.png'
2134,'ShermanIII76_turret6.png'
2135,'ShermanVCFirefly_turret1fired.png'
2136,'ShermanVCFirefly_turret2fired.png'
2137,'ShermanVCFirefly_turret3fired.png'
2138,'ShermanVCFirefly_turret4fired.png'
2139,'ShermanVCFirefly_turret5fired.png'
2140,'ShermanVCFirefly_turret6fired.png'
2141,'Soviet-100mm-M44-ATG.gif'
2142,'Soviet 12.7mm AAMG.gif'
2143,'Soviet-37mm-M39-AAG.gif'
2144,'Soviet-45mm-M37-ATG.gif'
2145,'Soviet-45mm-M42-ATG.gif'
2146,'Soviet-76.2mm-M27-IG.gif'
2147,'Soviet-76.2mm-M36-ATG.gif'
2148,'Soviet-85mm-M39-A-ATG.gif'
2149,'Soviet-85mm-M44-ATG.gif'
2150,'Soviet BA-10 M38.gif'
2151,'Soviet BA-20M M36.gif'
2152,'Soviet-BA-64B-M43.gif'
2153,'Soviet BT-7A M37.gif'
2154,'Soviet BT-7 M37.gif'
2155,'Soviet BT-8 M38.gif'
2156,'Soviet Churchill-III.gif'
2157,'Soviet GAZ-AA.gif'
2158,'Soviet-IS-3-M45.gif'
2159,'Soviet-ISU-122-M44.gif'
2160,'Soviet-ISU-152-M44.gif'
2161,'Soviet Komsomolyets.gif'
2162,'Soviet KV-1 M40.gif'
2163,'Soviet KV-1 M41.gif'
2164,'Soviet-KV-1-M42.gif'
2165,'Soviet-KV-2-M41.gif'
2166,'Soviet-KV-85-M43.gif'
2167,'Soviet-M17-MGMC.gif'
2168,'Soviet-M2-APC.gif'
2169,'Soviet-M3A1-Scout-Car.gif'
2170,'Soviet M3 Lee.gif'
2171,'Soviet Matilda II.gif'
2172,'Soviet-Pe-2.gif'
2173,'Soviet Sherman III (75).gif'
2174,'Soviet Sherman III (76).gif'
2175,'Soviet Stuart III.gif'
2176,'Soviet-SU-122-M43.gif'
2177,'Soviet-Su-2.gif'
2178,'Soviet SU-57 M43.gif'
2179,'Soviet SU-76i M43.gif'
2180,'Soviet T-26S M37.gif'
2181,'Soviet T-28E M38.gif'
2182,'Soviet T-28 M34.gif'
2183,'Soviet T-3476 M40.gif'
2184,'Soviet-T-3476-M41.gif'
2185,'Soviet-T-3476-M42.gif'
2186,'Soviet T-35 M35.gif'
2187,'Soviet T-38 M37.gif'
2188,'Soviet T-40 M40.gif'
2189,'Soviet T-60 M41.gif'
2190,'Soviet-T-60-M42.gif'
2191,'Soviet Valentine II.gif'
2192,'Soviet Valentine VIII.gif'
2193,'Splash.jpg'
2194,'SPW250-10.png'
2195,'SPW250-11.png'
2196,'SPW250-1.png'
2197,'SPW250-7.png'
2198,'SPW250-8.png'
2199,'SPW250-9_hull.png'
2200,'SPW250-9_turret1fired.png'
2201,'SPW250-9_turret1.png'
2202,'SPW250-9_turret2fired.png'
2203,'SPW250-9_turret2.png'
2204,'SPW250-9_turret3fired.png'
2205,'SPW250-9_turret3.png'
2206,'SPW250-9_turret4fired.png'
2207,'SPW250-9_turret4.png'
2208,'SPW250-9_turret5fired.png'
2209,'SPW250-9_turret5.png'
2210,'SPW250-9_turret6fired.png'
2211,'SPW250-9_turret6.png'
2212,'SPW251-10.png'
2213,'SPW251-17.png'
2214,'SPW251-1.gif'
2215,'SPW251-1.png'
2216,'SPW251-22.png'
2217,'SPW251-2.png'
2218,'SPW251-9.png'
2219,'StuartIII_hull.png'
2220,'StuartIII_turret1.png'
2221,'StuartIII_turret2.png'
2222,'StuartIII_turret3.png'
2223,'StuartIII_turret4.png'
2224,'StuartIII_turret5.png'
2225,'StuartIII_turret6.png'
2226,'STuGIIIB.png'
2227,'STuGIIIF.png'
2228,'STuGIIIG.gif'
2229,'StugIII.png'
2230,'STuGIV.png'
2231,'STuH42.png'
2232,'SU100.gif'
2233,'SU100.png'
2234,'SU122M43.png'
2235,'SU152.gif'
2236,'SU152.png'
2237,'Su2.png'
2238,'SU57M43.png'
2239,'SU76.gif'
2240,'SU76iM43.png'
2241,'SU76.png'
2242,'SU85.gif'
2243,'SU85.png'
2244,'T26SM37_hull.png'
2245,'T26SM37_turret1fired.png'
2246,'T26SM37_turret1.png'
2247,'T26SM37_turret2fired.png'
2248,'T26SM37_turret2.png'
2249,'T26SM37_turret3fired.png'
2250,'T26SM37_turret3.png'
2251,'T26SM37_turret4fired.png'
2252,'T26SM37_turret4.png'
2253,'T26SM37_turret5fired.png'
2254,'T26SM37_turret5.png'
2255,'T26SM37_turret6fired.png'
2256,'T26SM37_turret6.png'
2257,'T28EM38_hull.png'
2258,'T28EM38_turret1.png'
2259,'T28EM38_turret2.png'
2260,'T28EM38_turret3.png'
2261,'T28EM38_turret4.png'
2262,'T28EM38_turret5.png'
2263,'T28EM38_turret6.png'
2264,'T28M34_hull.png'
2265,'T28M34_turret1.png'
2266,'T28M34_turret2.png'
2267,'T28M34_turret3.png'
2268,'T28M34_turret4.png'
2269,'T28M34_turret5.png'
2270,'T28M34_turret6.png'
2271,'T34-76.gif'
2272,'T34-76_hull.png'
2273,'T3476M40_hull.png'
2274,'T3476M40_turret1.png'
2275,'T3476M40_turret2.png'
2276,'T3476M40_turret3.png'
2277,'T3476M40_turret4.png'
2278,'T3476M40_turret5.png'
2279,'T3476M40_turret6.png'
2280,'T3476M41_hull.png'
2281,'T3476M41_turret1.png'
2282,'T3476M41_turret2.png'
2283,'T3476M41_turret3.png'
2284,'T3476M41_turret4.png'
2285,'T3476M41_turret5.png'
2286,'T3476M41_turret6.png'
2287,'T3476M42_hull.png'
2288,'T3476M42_turret1.png'
2289,'T3476M42_turret2.png'
2290,'T3476M42_turret3.png'
2291,'T3476M42_turret4.png'
2292,'T3476M42_turret5.png'
2293,'T3476M42_turret6.png'
2294,'T34-76_turret1.png'
2295,'T34-76_turret2.png'
2296,'T34-76_turret3.png'
2297,'T34-76_turret4.png'
2298,'T34-76_turret5.png'
2299,'T34-76_turret6.png'
2300,'T34-85.gif'
2301,'T34-85_hull.png'
2302,'T34-85_turret1fired.png'
2303,'T34-85_turret1.png'
2304,'T34-85_turret2fired.png'
2305,'T34-85_turret2.png'
2306,'T34-85_turret3fired.png'
2307,'T34-85_turret3.png'
2308,'T34-85_turret4fired.png'
2309,'T34-85_turret4.png'
2310,'T34-85_turret5fired.png'
2311,'T34-85_turret5.png'
2312,'T34-85_turret6fired.png'
2313,'T34-85_turret6.png'
2314,'T35M35_76turret1fired.png'
2315,'T35M35_76turret1.png'
2316,'T35M35_76turret2fired.png'
2317,'T35M35_76turret2.png'
2318,'T35M35_76turret3fired.png'
2319,'T35M35_76turret3.png'
2320,'T35M35_76turret4fired.png'
2321,'T35M35_76turret4.png'
2322,'T35M35_76turret5fired.png'
2323,'T35M35_76turret5.png'
2324,'T35M35_76turret6fired.png'
2325,'T35M35_76turret6.png'
2326,'T35M35_hull.png'
2327,'T38M37_hull.png'
2328,'T38M37_turret1fired.png'
2329,'T38M37_turret1.png'
2330,'T38M37_turret2fired.png'
2331,'T38M37_turret2.png'
2332,'T38M37_turret3fired.png'
2333,'T38M37_turret3.png'
2334,'T38M37_turret4fired.png'
2335,'T38M37_turret4.png'
2336,'T38M37_turret5fired.png'
2337,'T38M37_turret5.png'
2338,'T38M37_turret6fired.png'
2339,'T38M37_turret6.png'
2340,'T40M40_hull.png'
2341,'T40M40_turret1alt.png'
2342,'T40M40_turret1fired.png'
2343,'T40M40_turret1.png'
2344,'T40M40_turret2fired.png'
2345,'T40M40_turret2.png'
2346,'T40M40_turret3fired.png'
2347,'T40M40_turret3.png'
2348,'T40M40_turret4fired.png'
2349,'T40M40_turret4.png'
2350,'T40M40_turret5fired.png'
2351,'T40M40_turret5.png'
2352,'T40M40_turret6fired.png'
2353,'T40M40_turret6.png'
2354,'T60M41_hull.png'
2355,'T60M41_turret1fired.png'
2356,'T60M41_turret1.png'
2357,'T60M41_turret2fired.png'
2358,'T60M41_turret2.png'
2359,'T60M41_turret3fired.png'
2360,'T60M41_turret3.png'
2361,'T60M41_turret4fired.png'
2362,'T60M41_turret4.png'
2363,'T60M41_turret5fired.png'
2364,'T60M41_turret5.png'
2365,'T60M41_turret6fired.png'
2366,'T60M41_turret6.png'
2367,'T60M42_hull.png'
2368,'T60M42_turret1.png'
2369,'T60M42_turret2.png'
2370,'T60M42_turret3.png'
2371,'T60M42_turret4.png'
2372,'T60M42_turret5.png'
2373,'T60M42_turret6.png'
2374,'T70.gif'
2375,'T70_hull.png'
2376,'T70_turret1fired.png'
2377,'T70_turret1.png'
2378,'T70_turret2fired.png'
2379,'T70_turret2.png'
2380,'T70_turret3fired.png'
2381,'T70_turret3.png'
2382,'T70_turret4fired.png'
2383,'T70_turret4.png'
2384,'T70_turret5fired.png'
2385,'T70_turret5.png'
2386,'T70_turret6fired.png'
2387,'T70_turret6.png'
2388,'Terrain_base.png'
2389,'Terrain_block.gif'
2390,'Terrain_Brick_Village_Curve.png'
2391,'Terrain_Brick_Village.png'
2392,'Terrain_Brick_Wall.png'
2393,'Terrain_Bridge.png'
2394,'Terrain_Clear.gif'
2395,'Terrain_ditch.gif'
2396,'Terrain_Gully.gif'
2397,'Terrain_Gully.png'
2398,'Terrain_hasty1.gif'
2399,'Terrain_hasty2.gif'
2400,'Terrain_hasty3.gif'
2401,'Terrain_hasty.gif'
2402,'Terrain_Heavy_Woods.gif'
2403,'Terrain_Heavy_Woods.png'
2404,'Terrain_Hedge.png'
2405,'Terrain_Hill_1.png'
2406,'Terrain_Hill_2.gif'
2407,'Terrain_Hill_2.png'
2408,'Terrain_Hill_3.png'
2409,'Terrain_Hill_4.png'
2410,'Terrain_Hill.gif'
2411,'Terrain_improved.gif'
2412,'Terrain_Light_Woods.gif'
2413,'Terrain_Light_Woods.png'
2414,'Terrain_Medium_Woods.gif'
2415,'Terrain_mines.gif'
2416,'Terrain_on-fire.gif'
2417,'Terrain_Orchard.png'
2418,'Terrain_Path_Curve.gif'
2419,'Terrain_Path_Curve.png'
2420,'Terrain_Path_Straight.gif'
2421,'Terrain_Path_Straight.png'
2422,'Terrain_River.png'
2423,'Terrain_Road_Curved.gif'
2424,'Terrain_Road_Curve.png'
2425,'Terrain_Road_Straight.gif'
2426,'Terrain_Road_Straight.png'
2427,'Terrain_Rough.gif'
2428,'Terrain_Rough.png'
2429,'Terrain_rubble.gif'
2430,'Terrain_Scrub.gif'
2431,'Terrain_Scrub.png'
2432,'Terrain_Shellholes.png'
2433,'Terrain_Stone_Village_Curve.png'
2434,'Terrain_Stone_Village.png'
2435,'Terrain_Stream_Curve.gif'
2436,'Terrain_Stream_Curve.png'
2437,'Terrain_Stream_Ford.gif'
2438,'Terrain_Stream_Ford.png'
2439,'Terrain_Stream_Straight.gif'
2440,'Terrain_Town_Brick.gif'
2441,'Terrain_Town_Road_Curved.gif'
2442,'Terrain_Town_Road_Straight.gif'
2443,'Terrain_Town_Stone.gif'
2444,'Terrain_Water.gif'
2445,'Terrain_wire.gif'
2446,'Terrain_Wood_Building.png'
2447,'Terrain_Woods.png'
2448,'TurnTrack.jpg'
2449,'US_12-7mmAAMG.gif'
2450,'US_37mmM1A1_AA.gif'
2451,'US_37mmM3A1_ATG.gif'
2452,'US_57mmM1ATG.gif'
2453,'USA-12.7mm-AAMG.gif'
2454,'USA-37mm-M1A1-AAG.gif'
2455,'USA-37mm-M1A1-ATG.gif'
2456,'USA-3-in-M5-ATG.gif'
2457,'USA-57mm-M1-ATG.gif'
2458,'USA-CG-4A-Waco.gif'
2459,'USA-Jeep.gif'
2460,'USA-M10-GMC.gif'
2461,'USA-M16-MGMC.gif'
2462,'USA-M18-GMC.gif'
2463,'USA-M20.gif'
2464,'USA-M21-MMC.gif'
2465,'USA-M24-Chaffee.gif'
2466,'USA-M26-Pershing.gif'
2467,'USA-M36-GMC.gif'
2468,'USA-M3A1-APC.gif'
2469,'USA-M3-GMC.gif'
2470,'USA-M4A176-Sherman.gif'
2471,'USA-M4A1(76)-Sherman.gif'
2472,'USA-M4A1-MMC.gif'
2473,'USA-M4A1Sherman.gif'
2474,'USA-M4A3(105).gif'
2475,'USA-M4A3(75).gif'
2476,'USA-M4A3(76).gif'
2477,'USA-M4A3E2(75)W-Jumbo.gif'
2478,'USA-M4A3E2(76)W-Jumbo.gif'
2479,'USA-M4A3E8(76)-Sherman.gif'
2480,'USA-M55-Quadmount.gif'
2481,'USA-M5A1-Stuart.gif'
2482,'USA-M8.gif'
2483,'USA-M8-HMC.gif'
2484,'USA-P-38L.gif'
2485,'USA-P-47D.gif'
2486,'USA-Truck.gif'
2487,'US_CG4A.png'
2488,'US_Command_Section.gif'
2489,'US_Half_Squad.gif'
2490,'US_HMG.gif'
2491,'US_Jeep.png'
2492,'US_M10GMC_hull.png'
2493,'US_M10GMC_turret1.png'
2494,'US_M10GMC_turret2.png'
2495,'US_M10GMC_turret3.png'
2496,'US_M10GMC_turret4.png'
2497,'US_M10GMC_turret5.png'
2498,'US_M10GMC_turret6.png'
2499,'US_M16-MGMC.png'
2500,'US_M18GMC_hull.png'
2501,'US_M18GMC_turret1.png'
2502,'US_M18GMC_turret2.png'
2503,'US_M18GMC_turret3.png'
2504,'US_M18GMC_turret4.png'
2505,'US_M18GMC_turret5.png'
2506,'US_M18GMC_turret6.png'
2507,'US_M20_hull.png'
2508,'US_M21MMC_hull.png'
2509,'US_M24_hull.png'
2510,'US_M24_turret1fired.png'
2511,'US_M24_turret1.png'
2512,'US_M24_turret2_fired.png'
2513,'US_M24_turret2.png'
2514,'US_M24_turret3_fired.png'
2515,'US_M24_turret3.png'
2516,'US_M24_turret4_fired.png'
2517,'US_M24_turret4.png'
2518,'US_M24_turret5_fired.png'
2519,'US_M24_turret5.png'
2520,'US_M24_turret6_fired.png'
2521,'US_M24_turret6.png'
2522,'US_M26_hull.png'
2523,'US_M26_turret1_fired.png'
2524,'US_M26_turret1.png'
2525,'US_M26_turret2_fired.png'
2526,'US_M26_turret2.png'
2527,'US_M26_turret3_fired.png'
2528,'US_M26_turret3.png'
2529,'US_M26_turret4_fired.png'
2530,'US_M26_turret4.png'
2531,'US_M26_turret5_fired.png'
2532,'US_M26_turret5.png'
2533,'US_M26_turret6_fired.png'
2534,'US_M26_turret6.png'
2535,'US_M36GMC_hull.png'
2536,'US_M36GMC_turret1.png'
2537,'US_M36GMC_turret2.png'
2538,'US_M36GMC_turret3.png'
2539,'US_M36GMC_turret4.png'
2540,'US_M36GMC_turret5.png'
2541,'US_M36GMC_turret6.png'
2542,'US_M36_turret1_fired.png'
2543,'US_M36_turret2_fired.png'
2544,'US_M36_turret3_fired.png'
2545,'US_M36_turret4_fired.png'
2546,'US_M36_turret5_fired.png'
2547,'US_M36_turret6_fired.png'
2548,'US_M3A1.png'
2549,'US_M3GMC_hull.png'
2550,'US_M4A176W_hull.png'
2551,'US_M4A176W_turret1.png'
2552,'US_M4A176W_turret2.png'
2553,'US_M4A176W_turret3.png'
2554,'US_M4A176W_turret4.png'
2555,'US_M4A176W_turret5.png'
2556,'US_M4A176W_turret6.png'
2557,'US_M4A1_hull.png'
2558,'US_M4A1-MMC.png'
2559,'US_M4A1_turret1.png'
2560,'US_M4A1_turret2.png'
2561,'US_M4A1_turret3.png'
2562,'US_M4A1_turret4.png'
2563,'US_M4A1_turret5.png'
2564,'US_M4A1_turret6.png'
2565,'US_M4A3105HMC_hull.png'
2566,'US_M4A3105HMC_turret1.png'
2567,'US_M4A3105HMC_turret2.png'
2568,'US_M4A3105HMC_turret3.png'
2569,'US_M4A3105HMC_turret4.png'
2570,'US_M4A3105HMC_turret5.png'
2571,'US_M4A3105HMC_turret6.png'
2572,'US_M4A375_hull.png'
2573,'US_M4A375_turret1.png'
2574,'US_M4A375_turret2.png'
2575,'US_M4A375_turret3.png'
2576,'US_M4A375_turret4.png'
2577,'US_M4A375_turret5.png'
2578,'US_M4A375_turret6.png'
2579,'US_M4A376W_hull.png'
2580,'US_M4A376W_turret1.png'
2581,'US_M4A376W_turret2.png'
2582,'US_M4A376W_turret3.png'
2583,'US_M4A376W_turret4.png'
2584,'US_M4A376W_turret5.png'
2585,'US_M4A376W_turret6.png'
2586,'US_M4A3E275W_hull.png'
2587,'US_M4A3E275W_turret1.png'
2588,'US_M4A3E275W_turret2.png'
2589,'US_M4A3E275W_turret3.png'
2590,'US_M4A3E275W_turret4.png'
2591,'US_M4A3E275W_turret5.png'
2592,'US_M4A3E275W_turret6.png'
2593,'US_M4A3E276W_hull.png'
2594,'US_M4A3E276W_turret1.png'
2595,'US_M4A3E276W_turret2.png'
2596,'US_M4A3E276W_turret3.png'
2597,'US_M4A3E276W_turret4.png'
2598,'US_M4A3E276W_turret5.png'
2599,'US_M4A3E276W_turret6.png'
2600,'US_M4A3E8_hull.png'
2601,'US_M4A3E8_turret1.png'
2602,'US_M4A3E8_turret2.png'
2603,'US_M4A3E8_turret3.png'
2604,'US_M4A3E8_turret4.png'
2605,'US_M4A3E8_turret5.png'
2606,'US_M4A3E8_turret6.png'
2607,'US_M55-AAG.gif'
2608,'US_M5A1_hull.png'
2609,'US_M5A1_turret1.png'
2610,'US_M5A1_turret2.png'
2611,'US_M5A1_turret3.png'
2612,'US_M5A1_turret4.png'
2613,'US_M5A1_turret5.png'
2614,'US_M5A1_turret6.png'
2615,'US_M5ATG.gif'
2616,'US_M8Greyhound_hull.png'
2617,'US_M8Greyhound_turret1.png'
2618,'US_M8Greyhound_turret2.png'
2619,'US_M8Greyhound_turret3.png'
2620,'US_M8Greyhound_turret4.png'
2621,'US_M8Greyhound_turret5.png'
2622,'US_M8Greyhound_turret6.png'
2623,'US_M8HMC_hull.png'
2624,'US_M8HMC_turret1.png'
2625,'US_M8HMC_turret2.png'
2626,'US_M8HMC_turret3.png'
2627,'US_M8HMC_turret4.png'
2628,'US_M8HMC_turret5.png'
2629,'US_M8HMC_turret6.png'
2630,'US_Mortar.gif'
2631,'US_P38L.png'
2632,'US_P47D.png'
2633,'US_Squad.gif'
2634,'US_Trucks.png'
2635,'ValentineII_hull.png'
2636,'ValentineII_turret1.png'
2637,'ValentineII_turret2.png'
2638,'ValentineII_turret3.png'
2639,'ValentineII_turret4.png'
2640,'ValentineII_turret5.png'
2641,'ValentineII_turret6.png'
2642,'ValentineVIII_hull.png'
2643,'ValentineVIII_turret1.png'
2644,'ValentineVIII_turret2.png'
2645,'ValentineVIII_turret3.png'
2646,'ValentineVIII_turret4.png'
2647,'ValentineVIII_turret5.png'
2648,'ValentineVIII_turret6.png'
2649,'VP-Black.gif'
2650,'VP-Blue.gif'
2651,'VP-Green.gif'
2652,'VP-Red.gif'
2653,'wdie1.gif'
2654,'wdie2.gif'
2655,'wdie3.gif'
2656,'wdie4.gif'
2657,'wdie5.gif'
2658,'wdie6.gif'
2659,'Wirbelwind_hull.png'
2660,'Wirbelwind_turret1fired.png'
2661,'Wirbelwind_turret1.png'
2662,'Wirbelwind_turret2fired.png'
2663,'Wirbelwind_turret2.png'
2664,'Wirbelwind_turret3fired.png'
2665,'Wirbelwind_turret3.png'
2666,'Wirbelwind_turret4fired.png'
2667,'Wirbelwind_turret4.png'
2668,'Wirbelwind_turret5fired.png'
2669,'Wirbelwind_turret5.png'
2670,'Wirbelwind_turret6fired.png'
2671,'Wirbelwind_turret6.png'
2672,'Yak-9.gif'
2673,'Yak9.png'
