1,"Arrow-3.gif"
2,"Arrow-4.png"
3,"CentralFront-f.png"
4,"Central-RH-f.png"
5,"Central-RH-r.png"
6,"CM Icon.png"
7,"CombatArrowNS.png"
8,"CombatResult-blank Flipped.png"
9,"Cover 300.jpg"
10,"CZ-17-1Czech-f.png"
11,"DDResult-No(-1 Step).png"
12,"DDResult-No.png"
13,"DDResult-Yes(-1 Step).png"
14,"DDResult-Yes(EX).png"
15,"Disrupted-1-f.png"
16,"Disrupted-1-r.png"
17,"EmergencySupply-1-f.png"
18,"EmergencySupply-1-r.png"
19,"GameTurn-f.png"
20,"GameTurn-r.png"
21,"GE-10S-101Jaeg-f.png"
22,"GE-10S-101Jaeg-r.png"
23,"GE-11S-79-f.png"
24,"GE-11S-79-r.png"
25,"GE-12N-20Pzg-f.png"
26,"GE-12N-20Pzg-REM.png"
27,"GE-12N-20Pzg-r.png"
28,"GE-13W-389-f.png"
29,"GE-13W-389-r.png"
30,"GE-14N-123_293-f.png"
31,"GE-14N-123_293-r.png"
32,"GE-14W-24Pz-f.png"
33,"GE-14W-24Pz-REM.png"
34,"GE-14W-24Pz-r.png"
35,"GE-15S-97Jaeg-f.png"
36,"GE-15S-97Jaeg-r.png"
37,"GE-17S-14Pz-f.png"
38,"GE-17S-14Pz-REM.png"
39,"GE-17S-14Pz-r.png"
40,"GE-18W-509Tiger-f.png"
41,"GE-19W-2Para-f.png"
42,"GE-19W-2Para-r.png"
43,"GE-1N-221SEC-f.png"
44,"GE-1P-5W-f.png"
45,"GE-1P-5W-REM.png"
46,"GE-1P-5W-r.png"
47,"GE-1Pz-15-f.png"
48,"GE-1Pz-15-r.png"
49,"GE-1Pz-17Pz-f.png"
50,"GE-1Pz-17Pz-REM.png"
51,"GE-1Pz-17Pz-r.png"
52,"GE-1Pz-198-f.png"
53,"GE-1Pz-198-r.png"
54,"GE-1Pz-257-f.png"
55,"GE-1Pz-257-r.png"
56,"GE-1Pz-328-f.png"
57,"GE-1Pz-328-r.png"
58,"GE-1Pz-333-f.png"
59,"GE-1Pz-333-r.png"
60,"GE-1Pz-38_62-f.png"
61,"GE-1Pz-38_62-r.png"
62,"GE-1Pz-387-f.png"
63,"GE-1Pz-387-r.png"
64,"GE-1Pz-3Pz-f.png"
65,"GE-1Pz-3Pz-REM.png"
66,"GE-1Pz-3Pz-r.png"
67,"GE-1Pz-46-f.png"
68,"GE-1Pz-46-r.png"
69,"GE-20W-25Pz-f.png"
70,"GE-20W-25Pz-REM.png"
71,"GE-20W-25Pz-r.png"
72,"GE-21W-1LAH-f.png"
73,"GE-21W-1LAH-REM.png"
74,"GE-21W-1LAH-r.png"
75,"GE-2A-327-f.png"
76,"GE-2A-327-r.png"
77,"GE-2A-340-f.png"
78,"GE-2A-340-r.png"
79,"GE-2A-68-f.png"
80,"GE-2A-68-r.png"
81,"GE-2A-75-f.png"
82,"GE-2A-75-r.png"
83,"GE-2A-88-f.png"
84,"GE-2A-88-r.png"
85,"GE-2N-34-f.png"
86,"GE-2N-34-r.png"
87,"GE-3N-GD-f.png"
88,"GE-3N-GD-r.png"
89,"GE-4N-4Pz_9Pz-f.png"
90,"GE-4N-4Pz_9Pz-REM.png"
91,"GE-4N-4Pz_9Pz-r.png"
92,"GE-4N-82-f.png"
93,"GE-4N-82-r.png"
94,"GE-4Pz-11Pz-f.png"
95,"GE-4Pz-11Pz-REM.png"
96,"GE-4Pz-11Pz-r.png"
97,"GE-4Pz-167-f.png"
98,"GE-4Pz-167-r.png"
99,"GE-4Pz-19Pz-f.png"
100,"GE-4Pz-19Pz-REM.png"
101,"GE-4Pz-19Pz-r.png"
102,"GE-4Pz-255-f.png"
103,"GE-4Pz-255-r.png"
104,"GE-4Pz-332-f.png"
105,"GE-4Pz-332-r.png"
106,"GE-4Pz-57-f.png"
107,"GE-4Pz-57-r.png"
108,"GE-4Pz-7Pz-f.png"
109,"GE-4Pz-7Pz-REM.png"
110,"GE-4Pz-7Pz-r.png"
111,"GE-5N-10Pzg-f.png"
112,"GE-5N-10Pzg-REM.png"
113,"GE-5N-10Pzg-r.png"
114,"GE-5N-183_208-f.png"
115,"GE-5N-183_208-r.png"
116,"GE-6A-111-f.png"
117,"GE-6A-111-r.png"
118,"GE-6A-16Pzg-f.png"
119,"GE-6A-16Pzg-REM.png"
120,"GE-6A-16Pzg-r.png"
121,"GE-6A-17-f.png"
122,"GE-6A-17-r.png"
123,"GE-6A-23Pz-f.png"
124,"GE-6A-23Pz-REM.png"
125,"GE-6A-23Pz-r.png"
126,"GE-6A-294_335-f.png"
127,"GE-6A-294_335-r.png"
128,"GE-6A-2DR-f.png"
129,"GE-6A-2DR-REM.png"
130,"GE-6A-2DR-r.png"
131,"GE-6A-302-f.png"
132,"GE-6A-302-r.png"
133,"GE-6A-304_306-f.png"
134,"GE-6A-304_306-r.png"
135,"GE-6A-336-f.png"
136,"GE-6A-336-r.png"
137,"GE-6A-3Mo-f.png"
138,"GE-6A-3Mo-r.png"
139,"GE-6A-3T-f.png"
140,"GE-6A-3T-REM.png"
141,"GE-6A-3T-r.png"
142,"GE-6N-112_251-f.png"
143,"GE-6N-112_251-r.png"
144,"GE-6W-8Cav-f.png"
145,"GE-6W-8Cav-r.png"
146,"GE-7S-13Pz-f.png"
147,"GE-7S-13Pz-REM.png"
148,"GE-7S-13Pz-r.png"
149,"GE-8A-106-f.png"
150,"GE-8A-106-r.png"
151,"GE-8A-161-f.png"
152,"GE-8A-161-r.png"
153,"GE-8A-168-f.png"
154,"GE-8A-168-r.png"
155,"GE-8A-282-f.png"
156,"GE-8A-282-r.png"
157,"GE-8A-320-f.png"
158,"GE-8A-320-r.png"
159,"GE-8A-39-f.png"
160,"GE-8A-39-r.png"
161,"GE-8A-6Pz-f.png"
162,"GE-8A-6Pz-REM.png"
163,"GE-8A-6Pz-r.png"
164,"GE-8N-8Pz-f.png"
165,"GE-8N-8Pz-REM.png"
166,"GE-8N-8Pz-r.png"
167,"GE-8S-125-f.png"
168,"GE-8S-125-r.png"
169,"GE-Air1-f.png"
170,"GE-Air1-r.png"
171,"GE-Air2-f.png"
172,"GE-Air2-r.png"
173,"GE-Dn-444SEC-f.png"
174,"GE-E-228Stug-f.png"
175,"GE-E-239StugA-f.png"
176,"GE-E-239StugB-f.png"
177,"GE-E-243Stug-f.png"
178,"GE-Fort-1-f.png"
179,"GE-Fort-1-r.png"
180,"GE Icon.png"
181,"GE-K-503Tiger-f.png"
182,"GE-K-911Stug-f.png"
183,"GE-Kv-218SEC-f.png"
184,"GE-Leader-Manstein-f.png"
185,"GE-Leader-Manstein-r.png"
186,"GE-Po-213SEC-f.png"
187,"GE-REM-GD-f.png"
188,"GE-REM-Para-f.png"
189,"GE-Za-454SEC-f.png"
190,"HUN-2A-1H-f.png"
191,"HUN-2A-1H-r.png"
192,"Markers Icon.png"
193,"OutOfSupply-1-f.png"
194,"OutOfSupply-1-r.png"
195,"RailMove-1-f.png"
196,"Remove CM Icon.png"
197,"ReplMarker-1-f.png"
198,"RiverAssault-1-f.png"
199,"RiverAssault-1-r.png"
200,"RO-18S-4R-f.png"
201,"RO-18S-4R-r.png"
202,"RO-9Odessa-24R-f.png"
203,"RO-9Odessa-24R-r.png"
204,"SLO-16S-1Slov-f.png"
205,"SLO-16S-1Slov-r.png"
206,"South1-RH-f.png"
207,"South1-RH-r.png"
208,"South2-RH-f.png"
209,"South2-RH-r.png"
210,"SOV-10-19Tank-f.png"
211,"SOV-10-19Tank-r.png"
212,"SOV-10-20Tank-f.png"
213,"SOV-10-20Tank-r.png"
214,"SOV-11-3GdsTankHQ-f.png"
215,"SOV-11-6GdsTank-f.png"
216,"SOV-11-6GdsTank-r.png"
217,"SOV-11-7GdsTank-f.png"
218,"SOV-11-7GdsTank-r.png"
219,"SOV-11-7Mech-f.png"
220,"SOV-11-7Mech-REM.png"
221,"SOV-11-7Mech-r.png"
222,"SOV-12-108_109Gds-f.png"
223,"SOV-12-108_109Gds-r.png"
224,"SOV-13-6_70Gds-f.png"
225,"SOV-13-6_70Gds-r.png"
226,"SOV-16-9Mech-f.png"
227,"SOV-16-9Mech-REM.png"
228,"SOV-16-9Mech-r.png"
229,"SOV-2-136_254-f.png"
230,"SOV-2-136_254-r.png"
231,"SOV-3-294_295-f.png"
232,"SOV-3-294_295-r.png"
233,"SOV-4-3GdsTank-f.png"
234,"SOV-4-3GdsTank-r.png"
235,"SOV-4-5A_7AGds-f.png"
236,"SOV-4-5A_7AGds-r.png"
237,"SOV-4-8A_80Gds-f.png"
238,"SOV-4-8A_80Gds-r.png"
239,"SOV-5-11Tank-f.png"
240,"SOV-5-11Tank-r.png"
241,"SOV-6-373_417-f.png"
242,"SOV-6-373_417-r.png"
243,"SOV-7-301_328-f.png"
244,"SOV-7-301_328-r.png"
245,"SOV-8-216_257-f.png"
246,"SOV-8-216_257-r.png"
247,"SOV-9-5GdsCav-f.png"
248,"SOV-9-5GdsCav-r.png"
249,"SOV-A-1GdsAbne-f.png"
250,"SOV-A-2GdsAbne-f.png"
251,"SOV-A-5GdsAbne-f.png"
252,"SOV-Air1-f.png"
253,"SOV-Air1-r.png"
254,"SOV-Air2-f.png"
255,"SOV-Air2-r.png"
256,"SovControl-1-f.png"
257,"SovControl-1-r.png"
258,"SOV-E-140-f.png"
259,"SOV-E-173T34-f.png"
260,"SOV-E-266_279-f.png"
261,"SOV-E-266_279-r.png"
262,"SOV-E-27GdsT34-f.png"
263,"SOV-E-68_69Gds-f.png"
264,"SOV-E-68_69Gds-r.png"
265,"SOV-E-6T34Gds-f.png"
266,"SOV-Fort-1-f.png"
267,"SOV-Fort-1-r.png"
268,"SOV Icon.png"
269,"SOV-Ku-K-3GdsArty-f.png"
270,"SOV-Ku-K-3GdsArty-r.png"
271,"SOV-Leader-Zhukov-f.png"
272,"SOV-Leader-Zhukov-r.png"
273,"SOV-S-118_127-f.png"
274,"SOV-S-118_127-r.png"
275,"SOV-S-126_221-f.png"
276,"SOV-S-126_221-r.png"
277,"SOV-S-130_151-f.png"
278,"SOV-S-130_151-r.png"
279,"SOV-S-24_33Gds-f.png"
280,"SOV-S-24_33Gds-r.png"
281,"SOV-S-248_416-f.png"
282,"SOV-S-248_416-r.png"
283,"SOV-S-2GdsMech-f.png"
284,"SOV-S-2GdsMech-REM.png"
285,"SOV-S-2GdsMech-r.png"
286,"SOV-S-315_271-f.png"
287,"SOV-S-315_271-r.png"
288,"SOV-S-32T34Gds-f.png"
289,"SOV-S-347_387-f.png"
290,"SOV-S-347_387-r.png"
291,"SOV-S-3Arty-f.png"
292,"SOV-S-3Arty-r.png"
293,"SOV-S-40_96Gds-f.png"
294,"SOV-S-40_96Gds-r.png"
295,"SOV-S-4_34Gds-f.png"
296,"SOV-S-4_34Gds-r.png"
297,"SOV-S-43S-f.png"
298,"SOV-S-49_87Gds-f.png"
299,"SOV-S-49_87Gds-r.png"
300,"SOV-S-4GdsCav-f.png"
301,"SOV-S-4GdsCav-r.png"
302,"SOV-S-4GdsMech-f.png"
303,"SOV-S-4GdsMech-REM.png"
304,"SOV-S-4GdsMech-r.png"
305,"SOV-S-50_54Gds-f.png"
306,"SOV-S-50_54Gds-r.png"
307,"SOV-S-5ShockHQ-f.png"
308,"SOV-S-78_116-f.png"
309,"SOV-S-78_116-r.png"
310,"SOV-S-86_3Gds-f.png"
311,"SOV-S-86_3Gds-r.png"
312,"SOV-S-91_87-f.png"
313,"SOV-S-91_87-r.png"
314,"SOV-S-99_346-f.png"
315,"SOV-S-99_346-r.png"
316,"SOV-S-KV-3Gds-f.png"
317,"SOV-St-107_183-f.png"
318,"SOV-St-107_183-r.png"
319,"SOV-St-111_213-f.png"
320,"SOV-St-111_213-r.png"
321,"SOV-St-15_28Gds-f.png"
322,"SOV-St-15_28Gds-r.png"
323,"SOV-St-16Arty-f.png"
324,"SOV-St-16Arty-r.png"
325,"SOV-St-1Mech-f.png"
326,"SOV-St-1Mech-REM.png"
327,"SOV-St-1Mech-r.png"
328,"SOV-St-201T34-f.png"
329,"SOV-St-214_233-f.png"
330,"SOV-St-214_233-r.png"
331,"SOV-St-252_299-f.png"
332,"SOV-St-252_299-r.png"
333,"SOV-St-305_375-f.png"
334,"SOV-St-305_375-r.png"
335,"SOV-St-36_72Gds-f.png"
336,"SOV-St-36_72Gds-r.png"
337,"SOV-St-73_89Gds-f.png"
338,"SOV-St-73_89Gds-r.png"
339,"SOV-St-80_81Gds-f.png"
340,"SOV-St-80_81Gds-r.png"
341,"SOV-St-84_116-f.png"
342,"SOV-St-84_116-r.png"
343,"SOV-St-SU-3-f.png"
344,"SOV-SW-11T34-f.png"
345,"SOV-SW-14_35Gds-f.png"
346,"SOV-SW-14_35Gds-r.png"
347,"SOV-SW-152_263-f.png"
348,"SOV-SW-152_263-r.png"
349,"SOV-SW-172_333-f.png"
350,"SOV-SW-172_333-r.png"
351,"SOV-SW-195_259-f.png"
352,"SOV-SW-195_259-r.png"
353,"SOV-SW-1GdsMech-f.png"
354,"SOV-SW-1GdsMech-REM.png"
355,"SOV-SW-1GdsMech-r.png"
356,"SOV-SW-20_38Gds-f.png"
357,"SOV-SW-20_38Gds-r.png"
358,"SOV-SW-23Tank-f.png"
359,"SOV-SW-23Tank-r.png"
360,"SOV-SW-24_203-f.png"
361,"SOV-SW-24_203-r.png"
362,"SOV-SW-243_279-f.png"
363,"SOV-SW-243_279-r.png"
364,"SOV-SW-244_350-f.png"
365,"SOV-SW-244_350-r.png"
366,"SOV-SW-267_288-f.png"
367,"SOV-SW-267_288-r.png"
368,"SOV-SW-41_47Gds-f.png"
369,"SOV-SW-41_47Gds-r.png"
370,"SOV-SW-44_57Gds-f.png"
371,"SOV-SW-44_57Gds-r.png"
372,"SOV-SW-50_78-f.png"
373,"SOV-SW-50_78-r.png"
374,"SOV-SW-58_59Gds-f.png"
375,"SOV-SW-58_59Gds-r.png"
376,"SOV-SW-5GdsMot-f.png"
377,"SOV-SW-60_61Gds-f.png"
378,"SOV-SW-60_61Gds-r.png"
379,"SOV-SW-78_79Gds-f.png"
380,"SOV-SW-78_79Gds-r.png"
381,"SOV-SW-7_9_11Arty-f.png"
382,"SOV-SW-7_9_11Arty-r.png"
383,"SOV-SW-IGdsCav-f.png"
384,"SOV-SW-IGdsCav-r.png"
385,"SOV-SW-KV-BGds-f.png"
386,"SOV-SW-T34-3-f.png"
387,"SOV-V-100_161-f.png"
388,"SOV-V-100_161-r.png"
389,"SOV-V-10Tank-f.png"
390,"SOV-V-10Tank-r.png"
391,"SOV-V-13_9AGds-f.png"
392,"SOV-V-13_9AGds-r.png"
393,"SOV-V-13Arty-f.png"
394,"SOV-V-13Arty-r.png"
395,"SOV-V-147_155-f.png"
396,"SOV-V-147_155-r.png"
397,"SOV-V-163_166-f.png"
398,"SOV-V-163_166-r.png"
399,"SOV-V-167_232-f.png"
400,"SOV-V-167_232-r.png"
401,"SOV-V-17Arty-f.png"
402,"SOV-V-17Arty-r.png"
403,"SOV-V-180_240-f.png"
404,"SOV-V-180_240-r.png"
405,"SOV-V-18Tank-f.png"
406,"SOV-V-18Tank-r.png"
407,"SOV-V-1TankHQ-f.png"
408,"SOV-V-206_237-f.png"
409,"SOV-V-206_237-r.png"
410,"SOV-V-218_337-f.png"
411,"SOV-V-218_337-r.png"
412,"SOV-V-23_29-f.png"
413,"SOV-V-23_29-r.png"
414,"SOV-V-241_340-f.png"
415,"SOV-V-241_340-r.png"
416,"SOV-V-29Tank-f.png"
417,"SOV-V-29Tank-r.png"
418,"SOV-V-2Tank-f.png"
419,"SOV-V-2Tank-r.png"
420,"SOV-V-30_38-f.png"
421,"SOV-V-30_38-r.png"
422,"SOV-V-31Tank-f.png"
423,"SOV-V-31Tank-r.png"
424,"SOV-V-3GdsMArty-f.png"
425,"SOV-V-3GdsMArty-r.png"
426,"SOV-V-3GdsMech-f.png"
427,"SOV-V-3GdsMech-REM.png"
428,"SOV-V-3GdsMech-r.png"
429,"SOV-V-3Mech-f.png"
430,"SOV-V-3Mech-REM.png"
431,"SOV-V-3Mech-r.png"
432,"SOV-V-42_71Gds-f.png"
433,"SOV-V-42_71Gds-r.png"
434,"SOV-V-4GdsTank-f.png"
435,"SOV-V-4GdsTank-r.png"
436,"SOV-V-51_52Gds-f.png"
437,"SOV-V-51_52Gds-r.png"
438,"SOV-V-5GdsMech-f.png"
439,"SOV-V-5GdsMech-REM.png"
440,"SOV-V-5GdsMech-r.png"
441,"SOV-V-5GdsTank-f.png"
442,"SOV-V-5GdsTankHQ-f.png"
443,"SOV-V-5GdsTank-r.png"
444,"SOV-V-65-f.png"
445,"SOV-V-66_67Gds-f.png"
446,"SOV-V-66_67Gds-r.png"
447,"SOV-V-6Tank-f.png"
448,"SOV-V-6Tank-r.png"
449,"SOV-V-71_375-f.png"
450,"SOV-V-71_375-r.png"
451,"SOV-V-75-f.png"
452,"SOV-V-86-f.png"
453,"SOV-V-90_47Gds-f.png"
454,"SOV-V-90_47Gds-r.png"
455,"SOV-V-95_97Gds-f.png"
456,"SOV-V-95_97Gds-r.png"
457,"SOV-V-96T34-f.png"
458,"SOV-V-K-1GdsArty-f.png"
459,"SOV-V-K-1GdsArty-r.png"
460,"SOV-V-K-2GdsArty-f.png"
461,"SOV-V-K-2GdsArty-r.png"
462,"SOV-V-KV-AGds-f.png"
463,"SOV-V-SU-1-f.png"
464,"SOV-V-SU-2-f.png"
465,"SOV-V-T34-1-f.png"
466,"SoWest-RH-f.png"
467,"SoWest-RH-r.png"
468,"Steppe-RH-f.png"
469,"Steppe-RH-r.png"
470,"TU-Ko-Turk-f.png"
471,"UK43 German Campaign Final.jpg"
472,"UK43 German Scen2 Final.jpg"
473,"UK43 German Scen3 Final.jpg"
474,"UK43-MAP-2015.jpg"
475,"UK43-PAC-FINAL-pg1.png"
476,"UK43-PAC-FINAL-pg2.png"
477,"UK43 Soviet Campaign Final.jpg"
478,"UK43 Soviet Scen2 Final.jpg"
479,"UK43 Soviet Scen3 Final.jpg"
480,"Voronezh-RH-f.png"
481,"Voronezh-RH-r.png"
482,"VPs_x10-f.png"
483,"VPs_x10-r.png"
484,"VPs_x1-f.png"
485,"VPs_x1-r.png"
486,"Weather Chart Final.png"
487,"Weather-f.png"
488,"YellowSmallBox Flipped.png"
