1,"1_2-VP.png"
2,"1861_Conf-2021.png"
3,"1861_UNION-2021.png"
4,"1862_Conf-2021.png"
5,"1862_UNION-2021.png"
6,"1863_CSA-2021.png"
7,"1863_UNION-2021.png"
8,"2d632.png"
9,"3d6.png"
10,"ARMY DISPLAY-CSA-nf.jpg"
11,"ARMY DISPLAY-Union-nf.jpg"
12,"Arsenal-Highlight.png"
13,"Conf 10.png"
14,"Conf 13.png"
15,"Conf 14.png"
16,"Conf 15.png"
17,"Conf 16.png"
18,"conf-20.png"
19,"conf-30-D.png"
20,"Conf 7.png"
21,"Conf 8.png"
22,"Conf 9.png"
23,"Conf-Card-1.png"
24,"Conf-Card-2.png"
25,"Conf-Card-3.png"
26,"Conf-Card-4.png"
27,"Conf-Card-Back.png"
28,"Conf-Cards.png"
29,"Conf Entrenchment 40R.png"
30,"Conf-Fort-Construction1.png"
31,"Conf-Fort-Construction2.png"
32,"Conf-Fort-Construction3.png"
33,"Control-Conf-1.png"
34,"Control-Conf-2.png"
35,"Control-Conf-3.png"
36,"Control-Conf-4.png"
37,"Control-Conf-D.png"
38,"Control-Conf.png"
39,"Control-MarkerC1 A.png"
40,"Control-MarkerC1.png"
41,"Control-MarkerC2-A.png"
42,"Control-MarkerC2D-A.png"
43,"Control-MarkerC2D.png"
44,"Control-MarkerC2.png"
45,"Control-MarkerC3-A.png"
46,"Control-MarkerC3D-A.png"
47,"Control-MarkerC3D.png"
48,"Control-MarkerC3.png"
49,"Control-MarkerC4-A.png"
50,"Control-MarkerC4D-A.png"
51,"Control-MarkerC4D.png"
52,"Control-MarkerC4.png"
53,"Control-MarkerU1-A.png"
54,"Control-MarkerU1.png"
55,"Control-MarkerU2-A.png"
56,"Control-MarkerU2D-A.png"
57,"Control-MarkerU2D.png"
58,"Control-MarkerU2.png"
59,"Control-MarkerU3-A.png"
60,"Control-MarkerU3D-A.png"
61,"Control-MarkerU3D.png"
62,"Control-MarkerU3.png"
63,"Control-MarkerU4-A.png"
64,"Control-MarkerU4D-A.png"
65,"Control-MarkerU4D.png"
66,"Control-MarkerU4.png"
67,"Control-Union-1.png"
68,"Control-Union-2.png"
69,"Control-Union-3.png"
70,"Control-Union-4.png"
71,"Control-Union-D.png"
72,"Control-Union.png"
73,"DM.png"
74,"Foraging.png"
75,"Forts.png"
76,"Invading-the-North-VP.png"
77,"Low on Coal Small1.png"
78,"Low on Coal Small2.png"
79,"Low on Coal Small3.png"
80,"Low on Coal Small.png"
81,"ONSP2.png"
82,"ONSP3.png"
83,"RNSP2.png"
84,"RNSP3.png"
85,"TUSCW-MAP-2021.png"
86,"TUSCW-PAC-2021-Final-1.png"
87,"TUSCW-PAC-2021-Final-2.png"
88,"TUSCW-PAC-2021-Final-3.png"
89,"TUSCW-PAC-2021-Final-4.png"
90,"TUSCW-PAC-FINAL-4S.png"
91,"TUSCW S1 R01 C01.png"
92,"TUSCW S1 R01 C02.png"
93,"TUSCW S1 R01 C03.png"
94,"TUSCW S1 R01 C04B.png"
95,"TUSCW S1 R01 C04.png"
96,"TUSCW S1 R01 C05.png"
97,"TUSCW S1 R01 C06B.png"
98,"TUSCW S1 R01 C06.png"
99,"TUSCW S1 R01 C07B.png"
100,"TUSCW S1 R01 C07.png"
101,"TUSCW S1 R01 C08B.png"
102,"TUSCW S1 R01 C08.png"
103,"TUSCW S1 R01 C09B.png"
104,"TUSCW S1 R01 C09.png"
105,"TUSCW S1 R01 C10B.png"
106,"TUSCW S1 R01 C10.png"
107,"TUSCW S1 R01 C11.png"
108,"TUSCW S1 R01 C12.png"
109,"TUSCW S1 R01 C13.png"
110,"TUSCW S1 R01 C14.png"
111,"TUSCW S1 R01 C15.png"
112,"TUSCW S1 R01 C16.png"
113,"TUSCW S1 R02 C01B.png"
114,"TUSCW S1 R02 C01.png"
115,"TUSCW S1 R02 C02.png"
116,"TUSCW S1 R02 C03B.png"
117,"TUSCW S1 R02 C03.png"
118,"TUSCW S1 R02 C04.png"
119,"TUSCW S1 R02 C05.png"
120,"TUSCW S1 R02 C06.png"
121,"TUSCW S1 R02 C07.png"
122,"TUSCW S1 R02 C08.png"
123,"TUSCW S1 R02 C09.png"
124,"TUSCW S1 R02 C10.png"
125,"TUSCW S1 R02 C11.png"
126,"TUSCW S1 R02 C12.png"
127,"TUSCW S1 R02 C13.png"
128,"TUSCW S1 R02 C14.png"
129,"TUSCW S1 R02 C15.png"
130,"TUSCW S1 R02 C16.png"
131,"TUSCW S1 R03 C01.png"
132,"TUSCW S1 R03 C03.png"
133,"TUSCW S1 R03 C04.png"
134,"TUSCW S1 R03 C05B.png"
135,"TUSCW S1 R03 C05.png"
136,"TUSCW S1 R03 C06B.png"
137,"TUSCW S1 R03 C06.png"
138,"TUSCW S1 R03 C07B.png"
139,"TUSCW S1 R03 C07.png"
140,"TUSCW S1 R03 C09B.png"
141,"TUSCW S1 R03 C09.png"
142,"TUSCW S1 R03 C10B.png"
143,"TUSCW S1 R03 C10.png"
144,"TUSCW S1 R03 C11B.png"
145,"TUSCW S1 R03 C11.png"
146,"TUSCW S1 R03 C12B.png"
147,"TUSCW S1 R03 C12.png"
148,"TUSCW S1 R03 C13B.png"
149,"TUSCW S1 R03 C13.png"
150,"TUSCW S1 R03 C14B.png"
151,"TUSCW S1 R03 C14.png"
152,"TUSCW S1 R03 C15B.png"
153,"TUSCW S1 R03 C15.png"
154,"TUSCW S1 R03 C16B.png"
155,"TUSCW S1 R03 C16.png"
156,"TUSCW S1 R04 C01.png"
157,"TUSCW S1 R04 C02.png"
158,"TUSCW S1 R04 C03.png"
159,"TUSCW S1 R04 C04B.png"
160,"TUSCW S1 R04 C04.png"
161,"TUSCW S1 R04 C05.png"
162,"TUSCW S1 R04 C06B.png"
163,"TUSCW S1 R04 C06.png"
164,"TUSCW S1 R04 C07.png"
165,"TUSCW S1 R04 C08.png"
166,"TUSCW S1 R04 C09.png"
167,"TUSCW S1 R04 C10.png"
168,"TUSCW S1 R04 C11.png"
169,"TUSCW S1 R04 C12.png"
170,"TUSCW S1 R04 C13.png"
171,"TUSCW S1 R04 C14.png"
172,"TUSCW S1 R04 C15.png"
173,"TUSCW S1 R04 C16.png"
174,"TUSCW S1 R05 C01.png"
175,"TUSCW S1 R05 C02.png"
176,"TUSCW S1 R05 C03.png"
177,"TUSCW S1 R05 C04.png"
178,"TUSCW S1 R05 C05B.png"
179,"TUSCW S1 R05 C05.png"
180,"TUSCW S1 R05 C06B.png"
181,"TUSCW S1 R05 C06.png"
182,"TUSCW S1 R05 C07B.png"
183,"TUSCW S1 R05 C07.png"
184,"TUSCW S1 R05 C08B.png"
185,"TUSCW S1 R05 C08.png"
186,"TUSCW S1 R05 C09.png"
187,"TUSCW S1 R05 C11B.png"
188,"TUSCW S1 R05 C11.png"
189,"TUSCW S1 R05 C12.png"
190,"TUSCW S1 R05 C13.png"
191,"TUSCW S1 R05 C14B.png"
192,"TUSCW S1 R05 C14.png"
193,"TUSCW S1 R05 C15.png"
194,"TUSCW S1 R05 C16.png"
195,"TUSCW S1 R06 C01.png"
196,"TUSCW S1 R06 C05.png"
197,"TUSCW S1 R06 C06B.png"
198,"TUSCW S1 R06 C06.png"
199,"TUSCW S1 R06 C07B.png"
200,"TUSCW S1 R06 C07.png"
201,"TUSCW S1 R06 C08B.png"
202,"TUSCW S1 R06 C08.png"
203,"TUSCW S1 R06 C09.png"
204,"TUSCW S1 R06 C10.png"
205,"TUSCW S1 R06 C11.png"
206,"TUSCW S1 R06 C13.png"
207,"TUSCW S1 R06 C14.png"
208,"TUSCW S1 R06 C15.png"
209,"TUSCW S1 R06 C16.png"
210,"TUSCW S1 R07 C01.png"
211,"TUSCW S1 R07 C05B.png"
212,"TUSCW S1 R07 C05.png"
213,"TUSCW S1 R07 C06B.png"
214,"TUSCW S1 R07 C06.png"
215,"TUSCW S1 R07 C08B.png"
216,"TUSCW S1 R07 C08.png"
217,"TUSCW S1 R07 C09B.png"
218,"TUSCW S1 R07 C09.png"
219,"TUSCW S1 R07 C10B.png"
220,"TUSCW S1 R07 C10.png"
221,"TUSCW S1 R07 C11B.png"
222,"TUSCW S1 R07 C11.png"
223,"TUSCW S1 R07 C12B.png"
224,"TUSCW S1 R07 C12.png"
225,"TUSCW S1 R07 C13.png"
226,"TUSCW S1 R08 C05B.png"
227,"TUSCW S1 R08 C05.png"
228,"TUSCW S1 R08 C09B.png"
229,"TUSCW S1 R08 C09.png"
230,"TUSCW S1 R08 C10B.png"
231,"TUSCW S1 R08 C10.png"
232,"TUSCW S1 R08 C11B.png"
233,"TUSCW S1 R08 C11.png"
234,"TUSCW S1 R08 C12B.png"
235,"TUSCW S1 R08 C12.png"
236,"TUSCW S2 R01 C01B.png"
237,"TUSCW S2 R01 C01.png"
238,"TUSCW S2 R01 C06.png"
239,"TUSCW S2 R01 C07.png"
240,"TUSCW S2 R01 C08.png"
241,"TUSCW S2 R01 C09.png"
242,"TUSCW S2 R01 C10.png"
243,"TUSCW S2 R01 C11.png"
244,"TUSCW S2 R01 C12.png"
245,"TUSCW S2 R01 C13.png"
246,"TUSCW S2 R01 C14.png"
247,"TUSCW S2 R01 C15.png"
248,"TUSCW S2 R01 C16.png"
249,"TUSCW S2 R02 C09B.png"
250,"TUSCW S2 R02 C09.png"
251,"TUSCW S2 R02 C11.png"
252,"TUSCW S2 R02 C12.png"
253,"TUSCW S2 R02 C13.png"
254,"TUSCW S2 R02 C14.png"
255,"TUSCW S2 R02 C15.png"
256,"TUSCW S2 R02 C16.png"
257,"TUSCW S2 R07 C09B.png"
258,"TUSCW S2 R07 C09.png"
259,"TUSCW S2 R07 C13B.png"
260,"TUSCW S2 R07 C13.png"
261,"TUSCW S2 R08 C09B.png"
262,"TUSCW S2 R08 C09.png"
263,"TUSCW S2 R08 C10B.png"
264,"TUSCW S2 R08 C10.png"
265,"TUSCW S2 R09 C01B.png"
266,"TUSCW S2 R09 C01.png"
267,"TUSCW S2 R09 C09.png"
268,"TUSCW S2 R09 C11.png"
269,"TUSCW S2 R09 C12.png"
270,"TUSCW S2 R09 C13.png"
271,"TUSCW S2 R11 C01B.png"
272,"TUSCW S2 R11 C01.png"
273,"TUSCW S2 R11 C09.png"
274,"TUSCW S2 R11 C11.png"
275,"TUSCW S2 R12 C01B.png"
276,"TUSCW S2 R12 C01.png"
277,"TUSCW S2 R12 C03B.png"
278,"TUSCW S2 R12 C03.png"
279,"TUSCW S3 R01 C01B.png"
280,"TUSCW S3 R01 C01.png"
281,"TUSCW S3 R01 C09.png"
282,"TUSCW S3 R02 C07B.png"
283,"TUSCW S3 R02 C07.png"
284,"TUSCW S3 R03 C01.png"
285,"TUSCW S3 R03 C05.png"
286,"TUSCW S3 R03 C09.png"
287,"TUSCW S3 R05 C09B.png"
288,"TUSCW S3 R05 C09.png"
289,"TUSCW S3 R05 C13B.png"
290,"TUSCW S3 R05 C13.png"
291,"TUSCW S3 R05 C15.png"
292,"TUSCW S3 R09 C01B.png"
293,"TUSCW S3 R09 C01.png"
294,"TUSCW S3 R09 C09B.png"
295,"TUSCW S3 R09 C09.png"
296,"TUSCW S3 R09 C10B.png"
297,"TUSCW S3 R09 C10.png"
298,"TUSCW S3 R09 C15B.png"
299,"TUSCW S3 R09 C15.png"
300,"TUSCW S3 R10 C09B.png"
301,"TUSCW S3 R10 C09.png"
302,"TUSCW S3 R11 C01B.png"
303,"TUSCW S3 R11 C01.png"
304,"TUSCW S3 R11 C05B.png"
305,"TUSCW S3 R11 C05.png"
306,"TUSCW S3 R11 C09B.png"
307,"TUSCW S3 R11 C09.png"
308,"TUSCW S3 R11 C10B.png"
309,"TUSCW S3 R11 C10.png"
310,"TUSCW S3 R11 C12B.png"
311,"TUSCW S3 R11 C12.png"
312,"TUSCW S3 R11 C13.png"
313,"TUSCW S3 R11 C15B.png"
314,"TUSCW S3 R11 C15.png"
315,"TUSCW S3 R11 C16B.png"
316,"TUSCW S3 R11 C16.png"
317,"TUSCW S3 R12 C09B.png"
318,"TUSCW S3 R12 C09.png"
319,"TUSCW S3 R12 C10B.png"
320,"TUSCW S3 R12 C10.png"
321,"TUSCW S3 R12 C13.png"
322,"TUSCW S3 R12 C15B.png"
323,"TUSCW S3 R12 C15.png"
324,"TUSCW S3 R12 C16B.png"
325,"TUSCW S3 R12 C16.png"
326,"Union 10.png"
327,"Union 13.png"
328,"Union 14.png"
329,"Union 15.png"
330,"Union 16.png"
331,"Union 7.png"
332,"Union 8.png"
333,"Union 9.png"
334,"Union-Card-1.png"
335,"Union-Card-2.png"
336,"Union-Card-3.png"
337,"Union-Card-4.png"
338,"Union-Card-5.png"
339,"Union-Card-Back.png"
340,"Union-Cards.png"
341,"Union Entrenchment 40.png"
342,"Union Entrenchment Small.png"
343,"Union-Fort-Construction1.png"
344,"Union-Fort-Construction2.png"
345,"Union-Fort-Construction3.png"
