"id","name"
1,"1_130 Chit front.png"
2,"1_130 CO back.png"
3,"1_130 CO front.png"
4,"1_130 E100 back.png"
5,"1_130 E100 front.png"
6,"1_130 Hummel back.png"
7,"1_130 Hummel front.png"
8,"1_130 KT back.png"
9,"1_130 KT front.png"
10,"1_130 Puma back.png"
11,"1_130 Puma front.png"
12,"1_7 SS 250 back.png"
13,"1_7 SS 250 front.png"
14,"1_7 SS Chit front.png"
15,"1_7 SS CO back.png"
16,"1_7 SS CO front.png"
17,"1_7 SS VT back.png"
18,"1_7 SS VT front.png"
19,"1.png"
20,"1st Ranger Chit front.png"
21,"1st Ranger CO back.png"
22,"1st Ranger CO front.png"
23,"1st Ranger M113 back.png"
24,"1st Ranger M113 front.png"
25,"1st Ranger M60 back.png"
26,"1st Ranger M60 front.png"
27,"1st Ranger Ranger back.png"
28,"1st Ranger Ranger front.png"
29,"2_130 250 back.png"
30,"2_130 250 front.png"
31,"2_130 chit front.png"
32,"2_130 CO back.png"
33,"2_130 CO front.png"
34,"2_130 E100 back.png"
35,"2_130 E100 front.png"
36,"2_130 Fall back.png"
37,"2_130 Fall front.png"
38,"2_130 JT back.png"
39,"2_130 JT front.png"
40,"2nd Ranger BRDM back.png"
41,"2nd Ranger BRDM front.png"
42,"2nd Ranger Chit front.png"
43,"2nd Ranger CO back.png"
44,"2nd Ranger CO front.png"
45,"2nd Ranger M113 back.png"
46,"2nd Ranger M113 front.png"
47,"2nd Ranger M60 back.png"
48,"2nd Ranger M60 front.png"
49,"2nd Ranger Ranger back.png"
50,"2nd Ranger Ranger front.png"
51,"2.png"
52,"3.png"
53,"4.png"
54,"4th G Chit front.png"
55,"4th G CO back.png"
56,"4th G CO front.png"
57,"4th G T64 back.png"
58,"4th G T64 front.png"
59,"501SS Chit front.png"
60,"501SS CO back.png"
61,"501SS CO front.png"
62,"501SS E100 back.png"
63,"501SS E100 front.png"
64,"502SS 250 back.png"
65,"502SS 250 front.png"
66,"502SS Chit front.png"
67,"502SS CO back.png"
68,"502SS CO front.png"
69,"502SS E100 back.png"
70,"502SS E100 front.png"
71,"502SS JT back.png"
72,"502SS JT front.png"
73,"502SS VT back.png"
74,"502SS VT front.png"
75,"58th Chit front.png"
76,"58th CO back.png"
77,"58th CO front.png"
78,"58th M113 back.png"
79,"58th M113 front.png"
80,"58th Rangers back.png"
81,"58th Rangers front.png"
82,"58th Spetsnaz back.png"
83,"58th Spetsnaz front.png"
84,"58th T62 back.png"
85,"58th T62 front.png"
86,"5.png"
87,"6.png"
88,"9K32 front.png"
89,"A6 front.png"
90,"Advance.png"
91,"armies-icon.png"
92,"Army_Menu.png"
93,"assault-icon.png"
94,"assault.png"
95,"Barrage 3.png"
96,"Bio 1.png"
97,"Black control.png"
98,"Black Hand Chit front.png"
99,"Blighter back.png"
100,"Blighter front.png"
101,"blue control.png"
102,"BRDM back.png"
103,"BRDM front.png"
104,"Chemical 3.png"
105,"Chemical.png"
106,"Chit Back.png"
107,"Combat-icon.png"
108,"Combat.jpg"
109,"Cowboys Chit front.png"
110,"Cowboys Huey back.png"
111,"Cowboys Huey front.png"
112,"cup-icon.png"
113,"cup.jpg"
114,"Derek Castle.png"
115,"Diskord front.png"
116,"Event-icon.png"
117,"Event.png"
118,"Finished-icon2.png"
119,"Finished.png"
120,"fire-icon.png"
121,"fire.png"
122,"forward-button.png"
123,"globe-dark-icon.png"
124,"globe-icon.png"
125,"High Morale.png"
126,"Hummel back.png"
127,"Hummel front.png"
128,"los-icon.png"
129,"Luftf front.png"
130,"M109 back.png"
131,"M109 front.png"
132,"M-60 front.png"
133,"M72Law front.png"
134,"magnify-minus.png"
135,"magnify-plus.png"
136,"magnify-size.png"
137,"Map.jpg"
138,"Map-mini-icon.png"
139,"Megrim back.png"
140,"Megrim front.png"
141,"MG42 front.png"
142,"Mines.png"
143,"mini-map-icon.png"
144,"moved-icon.png"
145,"Moved.png"
146,"Nuclear 6.png"
147,"Objective.png"
148,"OOC-icon.png"
149,"OOC.png"
150,"Ostwind back.png"
151,"Ostwind front.png"
152,"Pest back.png"
153,"Pest front.png"
154,"PFT3 front.png"
155,"Puma back.png"
156,"Puma front.png"
157,"Rad.png"
158,"Rancor back.png"
159,"Rancor front.png"
160,"Ravager back.png"
161,"Ravager front.png"
162,"Red control.png"
163,"retire-button.png"
164,"Sandbags.png"
165,"Scourge back.png"
166,"Scourge front.png"
167,"screenshot-icon.png"
168,"Scud front.png"
169,"server-button.png"
170,"SG2 Chit front.png"
171,"SG2 Saucer back.png"
172,"SG2 Saucer front.png"
173,"Shaken.png"
174,"Shellholes.png"
175,"Smoke 3.png"
176,"Smoke L1.png"
177,"Smoke L2.png"
178,"Splash.gif"
179,"Stuka front.png"
180,"Turn.png"
181,"undo.png"
182,"V2 front.png"
183,"Vehicle Crew.png"
184,"Vympel Chit front.png"
185,"Vympel Co back.png"
186,"Vympel Co front.png"
187,"Vympel Spetsnaz back.png"
188,"Vympel Spetsnaz front.png"
189,"Wreck.png"
190,"XM134 front.png"
191,"Zealots back.png"
192,"Zealots front.png"
193,"ZSU23 back.png"
194,"ZSU23 front.png"
