1,"Action"
2,"Action/Classes"
3,"Action/Classes/Furious Fists"
4,"Action/Classes/Heroes"
5,"Action/Classes/Specialists"
6,"Action/Classes/Specialists/Skill Sets"
7,"After the End"
8,"After the End/Lenses"
9,"After the End/Templates"
10,"Aliens"
11,"Aliens/Verms"
12,"Banestorm"
13,"Banestorm/Classes"
14,"Banestorm/Races"
15,"Basic Set"
16,"Basic Set/Animals"
17,"Basic Set/Characters"
18,"Basic Set/Meta-Traits"
19,"Basic Set/Monsters"
20,"Basic Set/Races"
21,"Bio-Tech"
22,"Delvers to Grow"
23,"Dragons"
24,"Dungeon Fantasy"
25,"Dungeon Fantasy/Dungeon Fantasy 1"
26,"Dungeon Fantasy/Dungeon Fantasy 10"
27,"Dungeon Fantasy/Dungeon Fantasy 11"
28,"Dungeon Fantasy/Dungeon Fantasy 12"
29,"Dungeon Fantasy/Dungeon Fantasy 13"
30,"Dungeon Fantasy/Dungeon Fantasy 14"
31,"Dungeon Fantasy/Dungeon Fantasy 15"
32,"Dungeon Fantasy/Dungeon Fantasy 16"
33,"Dungeon Fantasy/Dungeon Fantasy 19"
34,"Dungeon Fantasy/Dungeon Fantasy 1/Classes"
35,"Dungeon Fantasy/Dungeon Fantasy 2"
36,"Dungeon Fantasy/Dungeon Fantasy 3"
37,"Dungeon Fantasy/Dungeon Fantasy 4"
38,"Dungeon Fantasy/Dungeon Fantasy 5"
39,"Dungeon Fantasy/Dungeon Fantasy 5/Divine Elements"
40,"Dungeon Fantasy/Dungeon Fantasy 5/Divine Servitor Lenses"
41,"Dungeon Fantasy/Dungeon Fantasy 7"
42,"Dungeon Fantasy/Dungeon Fantasy 7/Cleric Variants"
43,"Dungeon Fantasy/Dungeon Fantasy 7/Holy Warrior Variants"
44,"Dungeon Fantasy/Dungeon Fantasy 8"
45,"Dungeon Fantasy/Dungeon Fantasy 9"
46,"Dungeon Fantasy/Dungeon Fantasy Denizens"
47,"Dungeon Fantasy/Dungeon Fantasy Denizens/Barbarians"
48,"Dungeon Fantasy/Dungeon Fantasy Denizens/Swashbucklers"
49,"Dungeon Fantasy/Dungeon Fantasy Monsters 1"
50,"Dungeon Fantasy/Races"
51,"Dungeon Fantasy/Races/Elves"
52,"Dungeon Fantasy/Races/Faerie Folk"
53,"Dungeon Fantasy/Races/Goblin-Kin"
54,"Dungeon Fantasy/Races/Half-Spirits"
55,"Dungeon Fantasy RPG"
56,"Dungeon Fantasy RPG/Classes"
57,"Dungeon Fantasy RPG/Loadouts"
58,"Dungeon Fantasy RPG/Monsters"
59,"Dungeon Fantasy RPG/Monsters/as-Sharak"
60,"Dungeon Fantasy RPG/Monsters/Demon from Between the Stars"
61,"Dungeon Fantasy RPG/Monsters/Dinomen"
62,"Dungeon Fantasy RPG/Monsters/Dire Wolf"
63,"Dungeon Fantasy RPG/Monsters/Dragons"
64,"Dungeon Fantasy RPG/Monsters/Flaming Skulls"
65,"Dungeon Fantasy RPG/Monsters/Foul Bat"
66,"Dungeon Fantasy RPG/Monsters/Gargoyle"
67,"Dungeon Fantasy RPG/Monsters/Giant Ape"
68,"Dungeon Fantasy RPG/Monsters/Giant Snakes"
69,"Dungeon Fantasy RPG/Monsters/Giant Spiders"
70,"Dungeon Fantasy RPG/Monsters/Goblin-Kin"
71,"Dungeon Fantasy RPG/Monsters/Karkadann"
72,"Dungeon Fantasy RPG/Monsters/Pudding"
73,"Dungeon Fantasy RPG/Monsters/Slorn"
74,"Dungeon Fantasy RPG/Races"
75,"Engine Heart"
76,"Fantasy"
77,"Fantasy/Classes"
78,"Fantasy/Classes/Roma Arcana"
79,"Fantasy/Meta-Traits"
80,"Fantasy/Races"
81,"Gulliver"
82,"Gun Fu"
83,"High Tech"
84,"Historical Folks"
85,"Home Brew"
86,"Home Brew/Characters"
87,"Home Brew/Kromm Templates"
88,"Horror"
89,"Horror/Classes"
90,"Horror/Meta-Traits"
91,"Horror/Meta-Traits/Corporeal Undead"
92,"Horror/Meta-Traits/Spirit"
93,"Infinite Worlds"
94,"Infinite Worlds/Classes"
95,"Infinite Worlds/Loadouts"
96,"Lands Out of Time"
97,"Lands Out of Time/Classes"
98,"Lands Out of Time/Races"
99,"Lite"
100,"Low Tech"
101,"Magic"
102,"Magic/Magic - Death Spells"
103,"Magic/Magic - Plant Spells"
104,"Magic/Magic - The Least of Spells"
105,"Magic/Monsters"
106,"Martial Arts"
107,"Monster Hunters"
108,"Monster Hunters/Classes"
109,"Monster Hunters/Classes/Champions"
110,"Monster Hunters/Classes/Motivational Lenses"
111,"Monster Hunters/Classes/Sidekicks"
112,"Monster Hunters/Loadouts"
113,"Mysteries"
114,"Mysteries/Classes"
115,"Myth"
116,"Norðlond"
117,"Norðlond/Races"
118,"Output Templates"
119,"Output Templates/Fantasy Grounds NPC - No Mods.xml"
120,"Output Templates/Fantasy Grounds NPC.xml"
121,"Output Templates/Fantasy Grounds PC - No Mods.xml"
122,"Output Templates/Fantasy Grounds PC.xml"
123,"Output Templates/HTML - Dungeon Fantasy Monster.html"
124,"Output Templates/HTML - NPC Card.html"
125,"Output Templates/HTML - PC.html"
126,"Output Templates/Text - PC.txt"
127,"Powers"
128,"Power Ups"
129,"Psionics"
130,"Psionics/Classes"
131,"Pyramid Magazine"
132,"Pyramid Magazine/Pyramid 10"
133,"Pyramid Magazine/Pyramid 100"
134,"Pyramid Magazine/Pyramid 111"
135,"Pyramid Magazine/Pyramid 112"
136,"Pyramid Magazine/Pyramid 112/More Skill Sets for Specialists"
137,"Pyramid Magazine/Pyramid 115"
138,"Pyramid Magazine/Pyramid 120"
139,"Pyramid Magazine/Pyramid 13"
140,"Pyramid Magazine/Pyramid 28"
141,"Pyramid Magazine/Pyramid 34"
142,"Pyramid Magazine/Pyramid 36"
143,"Pyramid Magazine/Pyramid 37"
144,"Pyramid Magazine/Pyramid 4"
145,"Pyramid Magazine/Pyramid 44"
146,"Pyramid Magazine/Pyramid 47"
147,"Pyramid Magazine/Pyramid 50"
148,"Pyramid Magazine/Pyramid 57"
149,"Pyramid Magazine/Pyramid 60"
150,"Pyramid Magazine/Pyramid 65"
151,"Pyramid Magazine/Pyramid 68"
152,"Pyramid Magazine/Pyramid 72"
153,"Pyramid Magazine/Pyramid 78"
154,"Pyramid Magazine/Pyramid 83"
155,"Pyramid Magazine/Pyramid 91"
156,"Pyramid Magazine/Pyramid 99"
157,"Reign of Steel Will to Live"
158,"Reign of Steel Will to Live/Classes"
159,"Reign of Steel Will to Live/Classes/Androids"
160,"Reign of Steel Will to Live/Classes/Cyborgs"
161,"Reign of Steel Will to Live/Classes/Humans"
162,"Reign of Steel Will to Live/Classes/Other"
163,"Reign of Steel Will to Live/Classes/Robots"
164,"Reign of Steel Will to Live/Meta-Traits"
165,"Settings"
166,"Social Engineering"
167,"Space"
168,"Star Wars"
169,"Star Wars/Templates"
170,"Star Wars/Templates/Equipments"
171,"Star Wars/Templates/Lightsaber Forms"
172,"Star Wars/Templates/Species"
173,"Steampunk"
174,"Steampunk/Races"
175,"Steampunk/Templates"
176,"Supers"
177,"Supers/Templates"
178,"Tactical Shooting"
179,"Tales of the Solar Patrol"
180,"Tales of the Solar Patrol/Classes"
181,"Tales of the Solar Patrol/Races and Animals"
182,"Tales of the Solar Patrol/Races and Animals/Jupiter"
183,"Tales of the Solar Patrol/Races and Animals/Jupiter/Callisto"
184,"Tales of the Solar Patrol/Races and Animals/Jupiter/Ganymede"
185,"Tales of the Solar Patrol/Races and Animals/Jupiter/Io"
186,"Tales of the Solar Patrol/Races and Animals/Mars"
187,"Tales of the Solar Patrol/Races and Animals/Venus"
188,"Tales of the Solar Patrol/Races and Animals/Venus/Dinosaurs"
189,"Technomancer"
190,"Template Toolkit"
191,"Template Toolkit/Template Toolkit 2 - Races"
192,"Template Toolkit/Template Toolkit 2 - Races/Meta-Traits"
193,"Template Toolkit/Template Toolkit 2 - Races/Meta-Traits/Composition"
194,"Template Toolkit/Template Toolkit 2 - Races/Meta-Traits/Composition/Biochemical"
195,"Template Toolkit/Template Toolkit 2 - Races/Meta-Traits/Composition/Elemental"
196,"Template Toolkit/Template Toolkit 2 - Races/Meta-Traits/Composition/Energy"
197,"Template Toolkit/Template Toolkit 2 - Races/Meta-Traits/Composition/Postmortal"
198,"Template Toolkit/Template Toolkit 2 - Races/Meta-Traits/Composition/Technological"
199,"Template Toolkit/Template Toolkit 2 - Races/Meta-Traits/Mentality Meta-Traits"
200,"Template Toolkit/Template Toolkit 2 - Races/Meta-Traits/Morphology Meta-Traits"
201,"Template Toolkit/Template Toolkit 2 - Races/Meta-Traits/Morphology Meta-Traits/Organisms"
202,"Template Toolkit/Template Toolkit 2 - Races/Meta-Traits/Morphology Meta-Traits/Vehicles and Other Machines"
203,"Template Toolkit/Template Toolkit 2 - Races/Meta-Traits/Spirit Meta-Traits"
204,"Thaumatology"
205,"Transhuman Space"
206,"Transhuman Space/Bioroids"
207,"Transhuman Space/Bioshells"
208,"Transhuman Space/Cybershells"
209,"Transhuman Space/Humans and Upgrades"
210,"Transhuman Space/Infomorphs"
211,"Transhuman Space/Parahumans"
212,"Transhuman Space/Uplifts"
213,"Traveller"
214,"Traveller/Races"
215,"Traveller/Races/Ahetaowa"
216,"Traveller/Races/Devi Intelligence"
217,"Traveller/Races/Droyne"
218,"Traveller/Races/Gurvin"
219,"Traveller/Races/Inheritors"
220,"Traveller/Races/Ithklur"
221,"Traveller/Races/K'kree"
222,"Traveller/Races/Lithkind"
223,"Traveller/Races/Sheol"
224,"Traveller/Races/Zhodani"
225,"Traveller/Templates"
226,"Ultra Tech"
227,"Ultra Tech/Races"
228,"Vorkosigan Saga"
229,"Wizardry Redefined"
